mysqldump: [Warning] Using a password on the command line interface can be insecure.
-- MySQL dump 10.13  Distrib 9.0.1, for Linux (x86_64)
--
-- Host: localhost    Database: TUFUT
-- ------------------------------------------------------
-- Server version	9.0.1

/*!40101 SET @OLD_CHARACTER_SET_CLIENT=@@CHARACTER_SET_CLIENT */;
/*!40101 SET @OLD_CHARACTER_SET_RESULTS=@@CHARACTER_SET_RESULTS */;
/*!40101 SET @OLD_COLLATION_CONNECTION=@@COLLATION_CONNECTION */;
/*!50503 SET NAMES utf8mb4 */;
/*!40103 SET @OLD_TIME_ZONE=@@TIME_ZONE */;
/*!40103 SET TIME_ZONE='+00:00' */;
/*!40014 SET @OLD_UNIQUE_CHECKS=@@UNIQUE_CHECKS, UNIQUE_CHECKS=0 */;
/*!40014 SET @OLD_FOREIGN_KEY_CHECKS=@@FOREIGN_KEY_CHECKS, FOREIGN_KEY_CHECKS=0 */;
/*!40101 SET @OLD_SQL_MODE=@@SQL_MODE, SQL_MODE='NO_AUTO_VALUE_ON_ZERO' */;
/*!40111 SET @OLD_SQL_NOTES=@@SQL_NOTES, SQL_NOTES=0 */;

--
-- Table structure for table `AuditoriaPagos`
--

DROP TABLE IF EXISTS `AuditoriaPagos`;
/*!40101 SET @saved_cs_client     = @@character_set_client */;
/*!50503 SET character_set_client = utf8mb4 */;
CREATE TABLE `AuditoriaPagos` (
  `IdAuditoria` int NOT NULL AUTO_INCREMENT,
  `IdPago` int NOT NULL,
  `CantidadPagoNuevo` decimal(10,2) NOT NULL,
  `FechaPagoNuevo` datetime NOT NULL,
  `IdCliente` int NOT NULL,
  `Accion` varchar(50) NOT NULL,
  `FechaAccion` timestamp NULL DEFAULT CURRENT_TIMESTAMP,
  PRIMARY KEY (`IdAuditoria`)
) ENGINE=InnoDB DEFAULT CHARSET=utf8mb4 COLLATE=utf8mb4_0900_ai_ci COMMENT='Esta tabla guarda un historial de pagos realizados, incluyendo detalles la accion, la fecha y el cliente.';
/*!40101 SET character_set_client = @saved_cs_client */;

--
-- Dumping data for table `AuditoriaPagos`
--

LOCK TABLES `AuditoriaPagos` WRITE;
/*!40000 ALTER TABLE `AuditoriaPagos` DISABLE KEYS */;
/*!40000 ALTER TABLE `AuditoriaPagos` ENABLE KEYS */;
UNLOCK TABLES;

--
-- Table structure for table `CANCHAS`
--

DROP TABLE IF EXISTS `CANCHAS`;
/*!40101 SET @saved_cs_client     = @@character_set_client */;
/*!50503 SET character_set_client = utf8mb4 */;
CREATE TABLE `CANCHAS` (
  `IdCancha` int NOT NULL AUTO_INCREMENT,
  `DescripcionCancha` varchar(60) DEFAULT NULL,
  `CostoHora` int DEFAULT NULL,
  PRIMARY KEY (`IdCancha`)
) ENGINE=InnoDB AUTO_INCREMENT=6 DEFAULT CHARSET=utf8mb4 COLLATE=utf8mb4_0900_ai_ci COMMENT='En esta tabla se guarda el id de cada cancha y la descripcion, que en este caso es su ubicacion dentro del club';
/*!40101 SET character_set_client = @saved_cs_client */;

--
-- Dumping data for table `CANCHAS`
--

LOCK TABLES `CANCHAS` WRITE;
/*!40000 ALTER TABLE `CANCHAS` DISABLE KEYS */;
INSERT INTO `CANCHAS` VALUES (1,'Primera Cancha de 5',50),(2,'Segunda Cancha de 5',55),(3,'Primera Cancha de 7',70),(4,'Segunda Cancha de 7',75),(5,'Cancha de 11',100);
/*!40000 ALTER TABLE `CANCHAS` ENABLE KEYS */;
UNLOCK TABLES;

--
-- Table structure for table `CATEGORIAS`
--

DROP TABLE IF EXISTS `CATEGORIAS`;
/*!40101 SET @saved_cs_client     = @@character_set_client */;
/*!50503 SET character_set_client = utf8mb4 */;
CREATE TABLE `CATEGORIAS` (
  `IdCategoria` int NOT NULL AUTO_INCREMENT,
  `DescripcionCategoria` varchar(60) DEFAULT NULL,
  PRIMARY KEY (`IdCategoria`)
) ENGINE=InnoDB AUTO_INCREMENT=6 DEFAULT CHARSET=utf8mb4 COLLATE=utf8mb4_0900_ai_ci COMMENT='Esta tabla guarda las categorias de los clientes';
/*!40101 SET character_set_client = @saved_cs_client */;

--
-- Dumping data for table `CATEGORIAS`
--

LOCK TABLES `CATEGORIAS` WRITE;
/*!40000 ALTER TABLE `CATEGORIAS` DISABLE KEYS */;
INSERT INTO `CATEGORIAS` VALUES (1,'Cliente nuevo'),(2,'Cliente frecuente'),(3,'Cliente inactivos'),(4,'Cliente VIP'),(5,'Cliente Empresa');
/*!40000 ALTER TABLE `CATEGORIAS` ENABLE KEYS */;
UNLOCK TABLES;

--
-- Table structure for table `CLIENTES`
--

DROP TABLE IF EXISTS `CLIENTES`;
/*!40101 SET @saved_cs_client     = @@character_set_client */;
/*!50503 SET character_set_client = utf8mb4 */;
CREATE TABLE `CLIENTES` (
  `IdCliente` int NOT NULL AUTO_INCREMENT,
  `NombreCliente` varchar(60) DEFAULT NULL,
  `ApellidoCliente` varchar(60) DEFAULT NULL,
  `TelefonoCliente` varchar(80) NOT NULL,
  `IdCategoria` int DEFAULT NULL,
  PRIMARY KEY (`IdCliente`),
  KEY `fk_clientes_categorias` (`IdCategoria`),
  CONSTRAINT `fk_clientes_categorias` FOREIGN KEY (`IdCategoria`) REFERENCES `CATEGORIAS` (`IdCategoria`)
) ENGINE=InnoDB AUTO_INCREMENT=1024 DEFAULT CHARSET=utf8mb4 COLLATE=utf8mb4_0900_ai_ci COMMENT='Esta tabla almacena los datos de los clientes que han reservado alguna cancha';
/*!40101 SET character_set_client = @saved_cs_client */;

--
-- Dumping data for table `CLIENTES`
--

LOCK TABLES `CLIENTES` WRITE;
/*!40000 ALTER TABLE `CLIENTES` DISABLE KEYS */;
INSERT INTO `CLIENTES` VALUES (1,'Elisha','Dunphy','7958898673',1),(2,'Zelma','Kalf','7643044985',4),(3,'Lynne','Lomasny','1655448163',4),(4,'Faye','Wainscot','4448245492',4),(5,'Heywood','Parman','6188474616',5),(6,'Klarika','Corsham','4758896001',5),(7,'Jeanne','Boanas','6748129144',1),(8,'Catarina','Wadge','1431862159',3),(9,'Nicolas','Dayes','7706686767',1),(10,'','De Angelis','3702431779',1),(11,'Joleen','Chagg','4989429216',5),(12,'Shawn','Remer','1877254720',2),(13,'Meyer','Bouda','3988339430',5),(14,'Marcie','Lardnar','2796133663',5),(15,'Katy','Partlett','4245941142',2),(16,'Adrian','Porson','9729677681',3),(17,'Maribel','Ruilton','2387718835',5),(18,'Gretel','Poge','4184568511',4),(19,'Tabbitha','Poon','9622517338',2),(20,'Brenna','Tabary','2122464248',5),(21,'Mano','Coultar','3375668331',1),(22,'Selie','Stubbin','5113708924',4),(23,'Filmore','Kurth','8532960181',1),(24,'Shelley','Alliker','9949995268',4),(25,'Park','Sagrott','5058560850',4),(26,'Maggie','Sadat','9148853536',1),(27,'','Rymill','9644388088',3),(28,'Linc','MacRory','6948143032',5),(29,'Kaitlin','Cocozza','7166759667',5),(30,'Cookie','Allridge','7466155787',5),(31,'Dyana','Kryzhov','3083155799',4),(32,'Herman','Antcliffe','7782080928',1),(33,'Sharline','Haddleton','6394030182',4),(34,'Marinna','Rossbrooke','3122847676',5),(35,'Cy','Renshall','9907350209',3),(36,'Conny','Galbreth','3837291818',2),(37,'Chicky','Forsyde','4442331071',3),(38,'Zonda','Lemmon','6936082579',5),(39,'Haleigh','Ramshaw','2248881786',1),(40,'Jeremy','Klimke','5752105025',3),(41,'John','Conisbee','4586061451',3),(42,'Ric','Fison','9985149580',4),(43,'Perry','Stivens','7126813361',2),(44,'Tasha','Sicely','3009243075',1),(45,'Sarene','Duly','3264249642',5),(46,'Griff','Smillie','7901291442',4),(47,'Chantalle','Muschette','1368760701',4),(48,'Damaris','Stockley','6261499900',4),(49,'Tiphanie','Bodd','6168701016',4),(50,'Lindsey','Gullifant','1374923305',1),(51,'Lind','Spykings','9339331268',2),(52,'Gilles','Durrance','6594592340',2),(53,'Sterne','Tench','5141560932',3),(54,'Valeria','Crimin','5629900981',5),(55,'Cassandre','Towell','5733026727',2),(56,'Rubia','MacDonough','6955429060',5),(57,'Zacharias','Stollard','2874122268',5),(58,'Joice','MacCaffrey','5116309696',1),(59,'Joleen','Winnard','1397824610',2),(60,'Rebeca','Simoes','8172719929',3),(61,'Skipton','Hiner','9999296268',3),(62,'Yancey','Champniss','8342011643',5),(63,'Ofelia','Braznell','6332262765',2),(64,'Tasia','McMurtyr','7042075151',3),(65,'Judon','','4011367092',2),(66,'Herta','Goodreid','6835546626',5),(67,'Neel','Farlowe','9875278753',2),(68,'Dory','Quibell','2429280617',4),(69,'Hermie','McMillan','6977266860',1),(70,'Cristina','Stellino','8251389253',3),(71,'Ethelda','Dragonette','2996337299',5),(72,'Yolande','Lygoe','9699325757',3),(73,'Alida','Owain','5654600620',2),(74,'','Van Castele','2741699199',3),(75,'Hirsch','Schaffler','4504584943',4),(76,'Shawnee','Whittleton','6567008590',4),(77,'Clemens','Loakes','6495327579',3),(78,'Barnebas','McElhargy','6721713193',4),(79,'Gilberte','Mixer','9259657409',5),(80,'Hershel','O\'Curneen','2448744506',3),(81,'Jenda','Paumier','4252597096',3),(82,'Betti','Kalinke','8693229841',1),(83,'Kassia','Honeyghan','1348948814',4),(84,'Allin','Stodart','7481403363',5),(85,'Manon','McNeice','5972148834',1),(86,'Gregg','Stronough','6459829468',4),(87,'Vachel','Bantham','2209297652',3),(88,'Maud','Stapele','4025416363',3),(89,'Lillis','Schulz','9597675560',2),(90,'Angelia','Ferrillio','7621490834',2),(91,'Pip','Seres','7812886180',2),(92,'Hollis','Cottier','8906219359',1),(93,'Ebony','Ewing','1369811768',2),(94,'Bourke','Aldcorne','5151975029',3),(95,'Shannon','Carlisi','3068710628',2),(96,'Benjie','Catonne','7193039158',1),(97,'Ashleigh','Asprey','2122144075',2),(98,'Merla','Feldmann','7773729745',5),(99,'Opalina','Newcom','9323486704',5),(100,'Diarmid','Coch','6835708027',3),(101,'Ofella','Wort','8095780634',1),(102,'Elaina','Holtom','8835073803',3),(103,'Elvina','Sleightholm','1918569905',4),(104,'Melessa','Fleis','4042134691',5),(105,'Bessie','Lory','5811509151',4),(106,'Tobi','Gauge','2337197208',5),(107,'Darsey','Van der Veldt','2198986864',4),(108,'Fin','Smout','9725999057',5),(109,'Martita','Mariyushkin','9988147479',3),(110,'Shawna','','4149908698',2),(111,'Abe','Brendish','4043669003',4),(112,'Willette','Paish','6622146040',1),(113,'Christie','Witherdon','8312748088',1),(114,'Emilee','Tabbernor','6149463842',3),(115,'Ryon','Tieraney','4565626369',4),(116,'Marietta','Noulton','8421648191',1),(117,'Bathsheba','Josifovitz','4444927490',3),(118,'Nessi','Learmond','3321738242',4),(119,'Noelyn','Speariett','5072598007',4),(120,'Karney','Leahy','9834513717',3),(121,'Glynis','Eymer','2124577031',4),(122,'Shanan','Southcombe','6915194311',5),(123,'Demetris','Robertot','7532165773',3),(124,'Waylen','Menhenitt','8393344526',1),(125,'Percival','Soulsby','2899955768',5),(126,'','Farguhar','6814282499',2),(127,'Erhard','Duckerin','8364751109',2),(128,'Ketty','Barhem','4778992341',2),(129,'Archer','Cristofari','8157178379',5),(130,'Nevsa','Devenport','6151466037',2),(131,'Manon','Rubroe','8974734458',3),(132,'Althea','Corson','4659527525',1),(133,'Paton','Sazio','2275573212',2),(134,'Theresina','Waison','4852339970',2),(135,'Nikoletta','Meineck','6827468885',4),(136,'Tobi','Seamons','7176860473',3),(137,'Alvan','Grigaut','1859088285',3),(138,'Karena','Dansken','3194765229',1),(139,'Holmes','Maken','7216214940',4),(140,'Tabbie','Brownhall','9822716901',5),(141,'Audrey','Juden','1526913828',5),(142,'Ellis','Cuss','4057297984',4),(143,'Gabie','Crutchley','5325183224',2),(144,'Martie','Carillo','6365286763',3),(145,'Neile','Harrigan','3457821363',3),(146,'Raquel','Reuss','9786227923',4),(147,'Hildagard','Ferrieri','8481606088',5),(148,'Daveen','De la Barre','8635727266',2),(149,'Cordy','Ormond','5024214984',5),(150,'Kingsly','Rooke','5572527193',4),(151,'Tracey','','4006144952',2),(152,'Alameda','Plumbe','7392450858',1),(153,'Alvera','Blundan','8906750891',1),(154,'Gennie','Chaunce','8902532199',3),(155,'Maisie','Berney','1338706605',5),(156,'Tuckie','Swyer-Sexey','2251558145',4),(157,'Beilul','Ahlin','3447971774',1),(158,'Vinny','Dudding','1122316713',5),(159,'Matty','Bossingham','6212911624',2),(160,'Hubie','Vint','1257918219',5),(161,'Frazer','Kienlein','3818861273',4),(162,'Scarlett','Syme','9037968084',3),(163,'Devy','Tivolier','7732271610',2),(164,'Tim','Dyton','9127221213',3),(165,'Nadine','Winham','6442700090',3),(166,'Constantine','Neasam','2011926599',1),(167,'Alard','Dunning','3184566426',3),(168,'Clementia','Kirsop','7619320539',4),(169,'Catharina','Hensmans','8177381631',3),(170,'Lilyan','Whatsize','8697118561',5),(171,'Elle','Lovat','7284732794',4),(172,'','Rhymes','8263613397',3),(173,'Skelly','Paten','5134201571',3),(174,'Luise','Telfer','3346536496',4),(175,'Nona','Truggian','9604501156',4),(176,'Sutherlan','McKeighen','8265075568',1),(177,'Skyler','Bullard','5064110928',3),(178,'Glenden','Tippin','4561620961',3),(179,'Alfons','Beeres','1669010362',3),(180,'Flory','Colqueran','5044815170',5),(181,'Farrell','Munroe','2707462768',4),(182,'Essie','Pollins','7824676174',2),(183,'Leanna','Bucktharp','5695486417',4),(184,'','Bentham3','8561464676',1),(185,'Tandi','Skurm','7037041279',5),(186,'Win','Klemt','9807004444',3),(187,'Clemente','Cockling','1336406508',5),(188,'Kesley','Worboys','5414646452',5),(189,'Georgeta','Pyrah','3625959264',1),(190,'','Borge','4883000028',2),(191,'Damien','Lindeberg','1266596826',1),(192,'Gwyn','Comar','7085269737',5),(193,'','Kanter','1956418216',3),(194,'Dareen','Sitch','9016039904',3),(195,'Monika','Rapsey','8736187672',3),(196,'Inglis','Thorneloe','4335509844',1),(197,'Emmie','Hulson','2981750647',3),(198,'Quentin','Stive','3219088447',4),(199,'Fleurette','Cosser','1702171245',3),(200,'Perla','Varey','5676205607',1),(201,'Jilli','Vaney','4948071387',4),(202,'Cyb','Moneti','5304753558',3),(203,'Paige','Bondy','2585800915',1),(204,'Costa','Elms','5994061510',2),(205,'Clareta','Walton','5919500352',1),(206,'Zorina','Zannotelli','6713852068',3),(207,'Turner','Spellacy','5754572644',5),(208,'','Harrowsmith','5037328323',5),(209,'Alyda','Plom','8599648677',1),(210,'Othilie','Whyteman','1661330815',2),(211,'Winthrop','Seamon','7331540106',1),(212,'Trey','Couttes','6078561805',1),(213,'Brien','Statefield','5352498494',5),(214,'Gardener','Oosthout de Vree','7557339172',1),(215,'Sheff','Coonan','5281634040',3),(216,'Kaylee','Glassborow','8361785653',1),(217,'Jacquie','Deppe','4118895443',5),(218,'Fawnia','Dengel','7281933870',2),(219,'Damara','Fidoe','7723581739',4),(220,'Davin','Izkovicz','5559399768',5),(221,'Cristy','Golsthorp','7424046143',2),(222,'Broddie','Cesco','2819515526',2),(223,'Jeffrey','McAvin','6243713611',5),(224,'Jermayne','Rilton','8238544071',3),(225,'Selma','Readshall','4418423756',2),(226,'Marlowe','Tomini','8669381932',1),(227,'Ernaline','Hatherleigh','7203011576',4),(228,'Ryann','Pinchbeck','5198911690',5),(229,'Neely','Westfield','5129652461',1),(230,'Richmound','De Ferrari','5732832867',1),(231,'Karry','Petters','8562400601',4),(232,'Tamara','Oleshunin','3971403968',1),(233,'Esther','Arstingall','5561386189',3),(234,'Sydel','Carnilian','4369069349',2),(235,'Dalt','Delgadillo','8804307222',1),(236,'Roseann','Leveritt','9048654262',4),(237,'Isahella','Maudling','7717710656',1),(238,'Clare','Parris','8231014286',5),(239,'Ardelia','Rentalll','3936341467',2),(240,'Masha','Prater','5674267648',3),(241,'Daffie','Longstaff','4816167718',2),(242,'Reube','Walton','8035657259',4),(243,'Lorelei','Laise','9615407722',2),(244,'Clemmie','Doumerque','9248420774',2),(245,'Ranna','Clerke','5993805218',5),(246,'Timothee','Writer','4248283265',5),(247,'Caitlin','Lamas','3038975915',5),(248,'Cyndie','Ditzel','1624373279',5),(249,'Jori','Bruyntjes','3059039795',5),(250,'Ammamaria','Pendrick','7065013281',4),(251,'','Cancellor','9189728257',2),(252,'Lloyd','Barbey','5784788775',3),(253,'Loralie','Milella','3524564722',1),(254,'Magdalen','Sibbet','2301333278',5),(255,'Mack','Milliken','1071037169',4),(256,'Towny','Clementucci','8139392643',4),(257,'Saudra','Brusby','3441737564',1),(258,'Ethelin','De Andisie','1641672292',3),(259,'Shurlocke','Croxall','7742292691',2),(260,'Curran','Cuckoo','1868737704',5),(261,'Jacquie','Downer','4702796628',3),(262,'Terri-jo','Yorke','4725639157',3),(263,'Lefty','Robertshaw','6407969282',5),(264,'Alonso','Eltun','6202111224',3),(265,'Ezmeralda','Stubbin','7733624513',1),(266,'Edd','Rosbottom','5605628433',4),(267,'Rosana','Drinkhall','7551797839',2),(268,'Gregory','Culpin','8414164041',2),(269,'Consuelo','Bartalot','1529424960',1),(270,'Gerardo','Rounsefell','6074804923',1),(271,'Alissa','Davidowsky','9504746688',3),(272,'Corbett','Scobbie','1455613253',3),(273,'Camellia','Leschelle','1034406103',1),(274,'Marlowe','Jephson','8971709309',3),(275,'Martha','Andrag','4288012656',3),(276,'Vida','Got','1419204815',5),(277,'Marijn','Focke','8265612807',1),(278,'Arly','Billie','5941765916',5),(279,'Beltran','Whitcombe','1274087416',1),(280,'Darb','Pollastro','5843316521',4),(281,'Tansy','Eastham','8013198348',3),(282,'Kiley','Houston','5194526171',2),(283,'Tripp','Sipson','7982528672',5),(284,'Sarena','Baukham','1317811483',4),(285,'Leesa','Youel','5732728832',3),(286,'Ulrikaumeko','Coatts','4238588357',3),(287,'Napoleon','Blabey','3254665486',4),(288,'Waring','Cardenoza','8482924673',5),(289,'Liam','Minger','3289530941',1),(290,'Silvan','Teare','7615244602',1),(291,'Florencia','Lerigo','4839107395',4),(292,'Colet','Eastmead','1214250705',4),(293,'Rawley','Belison','8757166291',3),(294,'Allison','Whereat','6488899269',3),(295,'Marlow','Kares','4789947405',5),(296,'Rudie','Feirn','6802897120',5),(297,'Sky','Ketton','7198331015',5),(298,'Megan','Hehl','9165743180',1),(299,'Vidovic','Filippozzi','9412924949',3),(300,'Tresa','Fansy','3963853477',5),(301,'Kerrill','Ralton','6586214491',5),(302,'Trisha','Menichino','7292316441',5),(303,'Zilvia','Yakushkev','8536477385',4),(304,'Kirby','Pock','2952490007',1),(305,'Drusie','Leigh','1625648273',3),(306,'Lamar','Antyukhin','6985729593',1),(307,'Bonnie','Knobell','8788185833',1),(308,'Holly','Oman','3181916919',2),(309,'Albertina','Mallya','2012903080',4),(310,'Charlie','D\'Agostino','9567182912',4),(311,'Julianna','Bertson','8643121562',3),(312,'Constantine','Guthrie','4778524689',2),(313,'Dorella','Hills','9934755022',4),(314,'Zahara','Oakshott','3313210497',1),(315,'Aileen','Tilston','2661134739',4),(316,'Emmaline','Webland','2246242666',3),(317,'Marrilee','Duffy','3049704565',5),(318,'Land','Mirfin','9781326755',5),(319,'Marlyn','Scotter','7067216193',1),(320,'Ida','McFadin','1009528455',1),(321,'Miquela','Gabb','2578604327',4),(322,'Carlina','Ellis','1494105588',3),(323,'Hailey','De Vries','7977684202',2),(324,'Keriann','Airey','8809747765',1),(325,'Elwira','Georgiades','1503123890',3),(326,'Dani','Beceril','7274112731',4),(327,'Van','Bragge','9913514920',2),(328,'Jemmy','Morby','8486767575',1),(329,'Sarge','Keppie','1667554529',3),(330,'Pammi','Merioth','6539986869',2),(331,'Marlane','Uebel','4681916698',2),(332,'Gael','Kibbel','4301908055',5),(333,'Kat','Nani','3652168088',3),(334,'Kipper','Le Page','7992337143',3),(335,'Ginevra','Erni','2349773547',5),(336,'Kiley','Hayley','5446511187',5),(337,'Welch','Matuschek','7946786127',4),(338,'Dare','Belcham','2307368789',4),(339,'Erasmus','Robbie','5523652744',1),(340,'Carly','Plitz','3301372377',4),(341,'Nannie','Nairy','7071755670',5),(342,'Amye','Crake','5729776849',3),(343,'Ashla','Dysert','2785563075',5),(344,'Daile','McDermott-Row','3114225191',1),(345,'Inesita','Bagger','9634939423',5),(346,'Traci','Ferrettini','3418296666',2),(347,'Jobey','Westney','3888208911',3),(348,'Mehetabel','Inkle','4104144751',3),(349,'Jennine','Gorler','3587865082',4),(350,'Dee dee','Duhig','9213576023',3),(351,'Toiboid','Newtown','7668891960',3),(352,'Rudie','Arthurs','4022272612',3),(353,'Kailey','Gaskins','3742323627',3),(354,'Marthena','Kermitt','9304767975',3),(355,'May','Tysack','7823167732',3),(356,'Aluin','Meni','7085406429',5),(357,'Granny','Jeannel','4643247951',4),(358,'Charline','Wass','4475445807',3),(359,'Ilyssa','Daykin','3821166069',2),(360,'Kalvin','Darth','4929343497',5),(361,'Whittaker','Duligal','8797020805',3),(362,'Mahmud','O\'Sharkey','2175390889',4),(363,'Lena','Fishlock','4711958325',2),(364,'Sawyer','Cridge','1413846939',4),(365,'','Rathjen','4098859050',2),(366,'Gardener','McRoberts','8602980490',2),(367,'Gav','Kitchiner','3962559630',5),(368,'Farlie','Jozsa','6168471976',4),(369,'Ethe','Biaggioli','5853315404',2),(370,'Polly','Lamminam','8251469771',4),(371,'Yancey','Brager','4517081509',1),(372,'Cornall','Feveryear','4715061917',1),(373,'Hedvig','Edlin','9655964243',4),(374,'Jaime','Crossman','8173929196',4),(375,'Federico','Rebichon','5322843400',1),(376,'Juliann','Cyseley','2811171134',3),(377,'Ailyn','Ousbie','9092583077',3),(378,'Sigrid','Murthwaite','8184053230',3),(379,'Joletta','Hanne','4223229750',3),(380,'David','Ellar','4973661697',5),(381,'Huntington','Paling','1923649447',3),(382,'Clemmy','Hise','5785926126',5),(383,'Arlene','Carle','7062032554',2),(384,'Alexi','Benjamin','5615727220',3),(385,'Yuri','Gabel','7477785992',1),(386,'Gerda','Trim','4083143123',1),(387,'Cherry','Vashchenko','9816031326',2),(388,'Camel','Maestrini','9326669207',1),(389,'Ogdon','Davidovic','6623467783',1),(390,'Patrice','Tuxill','7994616541',5),(391,'Samaria','Czajkowski','9951531827',5),(392,'Goldarina','Veldstra','2749324682',3),(393,'Bernette','Bartelot','6367434404',4),(394,'Orville','Esch','1813968716',1),(395,'Simone','Bissett','7869248325',4),(396,'Malorie','de Verson','2685798116',3),(397,'Shara','Criple','4949515952',1),(398,'Ardyth','Barnardo','1669504168',2),(399,'Ailene','Patel','5481726866',3),(400,'Kathi','Kenney','5338985893',4),(401,'Lethia','Bentsen','8483339999',2),(402,'Darnall','Stobbs','6402286118',2),(403,'Yolanthe','Frew','2221890200',1),(404,'Otes','Caldicott','5416875672',1),(405,'Godwin','Mullineux','6004512482',4),(406,'Laurena','Blundin','9592552438',4),(407,'Ardella','MacAnelley','2552068301',3),(408,'Nicol','Raisher','2594331637',5),(409,'Vic','Triggol','2858392731',1),(410,'Shellie','Cutmore','5862679392',5),(411,'Kayla','Parbrook','3905216710',3),(412,'Carver','Fremantle','3628037037',5),(413,'Loydie','Dowdney','9181145129',4),(414,'Filia','Folkes','9592583634',5),(415,'Simona','Furse','6459090940',5),(416,'Bernadette','McCrostie','7453004884',4),(417,'Josiah','Wooddisse','5617961443',5),(418,'Bank','McGeagh','2869935628',3),(419,'Damien','Pargeter','5467621210',1),(420,'Hebert','Halburton','7715175830',5),(421,'Austen','Capaldi','1825419266',5),(422,'Claudio','Gamble','3406701830',1),(423,'Terra','Livings','9222220028',1),(424,'Sue','Rubertelli','6804240290',4),(425,'Hunter','Rickarsey','2931183437',2),(426,'Gardener','Fritschmann','1196839724',4),(427,'Jermaine','Hoston','6132936678',2),(428,'Shelli','Mears','7216822014',3),(429,'Ricoriki','Ferroni','2301212352',4),(430,'Shanan','Reignard','6876699350',2),(431,'Joby','Maton','8317502500',3),(432,'Jermain','Ruit','2202056028',4),(433,'Alyosha','Simounet','1569306885',4),(434,'Obadias','Traite','7465671561',1),(435,'Zacharias','Du Hamel','4652096941',5),(436,'Lisabeth','Trayhorn','4326254896',5),(437,'Woodrow','Glastonbury','5387331892',2),(438,'Cordula','Kabos','8702423098',1),(439,'Tanney','Gabbotts','9037158176',4),(440,'Sancho','Stovine','9372355695',5),(441,'Jamil','Ianne','5108613192',5),(442,'Delano','Hardi','5633249477',5),(443,'Judah','Martschik','2286540222',1),(444,'Peria','Barbe','9558685169',1),(445,'Camey','Byram','4529361315',5),(446,'Jane','Stimpson','4149856246',5),(447,'Ade','Beernaert','6244582274',4),(448,'Sidnee','Liebrecht','5544893863',3),(449,'Christan','Gehrts','5718327077',4),(450,'Obadiah','Springall','4905063172',4),(451,'Andrea','Garlett','5727369002',4),(452,'Tarah','Losseljong','3375173404',2),(453,'Dasha','Dudderidge','5719931015',4),(454,'Dalston','Grabb','9871499823',4),(455,'Consuela','Bangham','1052109442',1),(456,'Jillana','Friday','1595314493',1),(457,'Eloise','Jouen','4802919228',4),(458,'Arleta','Menear','9023915779',2),(459,'','Crosfield','9027734168',5),(460,'Nicholle','Lummasana','3161054358',3),(461,'Ruthanne','Llop','3038588032',5),(462,'Atalanta','Botler','8028885961',1),(463,'','Rudloff','3691811437',5),(464,'Mack','Gages','4473825881',1),(465,'Eveleen','Baelde','3719948669',2),(466,'Chev','Shervil','1661398909',5),(467,'Wenona','Field','7739686298',5),(468,'Belicia','Semkins','2087729712',2),(469,'Hildegarde','Crust','4831836463',5),(470,'Carlo','Brearty','7914661875',1),(471,'Basil','Rubinivitz','7437632961',2),(472,'Maudie','Macvey','9881603209',3),(473,'Neddie','Bray','6555706759',1),(474,'Estell','Pittwood','5133738607',1),(475,'Blinnie','Huckleby','8114540396',4),(476,'Lena','Keating','9832548165',1),(477,'Queenie','Ashmole','4585913441',1),(478,'Audi','Benedick','2948994890',2),(479,'Lennie','Croose','5562346393',4),(480,'Sydelle','Bark','2631602775',4),(481,'Gino','Bowdrey','9295841184',1),(482,'Drew','Hanes','8653852745',5),(483,'Carny','Ortell','6985803909',2),(484,'Suzanne','Sprules','3157090619',2),(485,'Antoni','De Stoop','5237348121',2),(486,'Filberte','Bolles','2005186744',2),(487,'Julieta','Pennazzi','4322489303',2),(488,'Austina','Cholton','4214280849',5),(489,'Pearce','Lenihan','4121744324',1),(490,'Eveline','Jendrich','4465952373',4),(491,'Teodoro','Foxton','5557589792',1),(492,'Franchot','Mathivon','9304312425',4),(493,'Allegra','Manilove','6842603566',4),(494,'Kylie','Castaignet','8385391906',5),(495,'Shawna','Attreed','7022919666',4),(496,'Noah','Taffie','3325347012',3),(497,'Patti','Kibbel','9537004024',4),(498,'Lizbeth','Fazackerley','6649732296',4),(499,'Leora','Itzik','8235497399',4),(500,'Abba','Westman','6507916652',4),(501,'Red','Creed','5441853148',5),(502,'Annnora','','4712479860',4),(503,'Arv','Zoephel','5139099081',3),(504,'Lela','Zoppo','6006633045',4),(505,'Ezekiel','MacKowle','2526211225',4),(506,'Wanids','Guilliland','4161044551',1),(507,'Anestassia','Peacher','8955540706',2),(508,'Josiah','Langdon','4218382621',4),(509,'Whitney','Cherrison','1771972413',1),(510,'Waylen','Maevela','6871344891',4),(511,'Arlette','Dolle','6307764709',1),(512,'Berkly','Beasley','8322538333',4),(513,'Onfroi','Perchard','7567019873',2),(514,'Kain','Januszewicz','2275304605',5),(515,'Dex','Tatersale','4044454612',3),(516,'Gery','Playhill','5688141301',3),(517,'Karlotte','','1475588574',5),(518,'Coriss','Acors','3864458212',1),(519,'Eunice','Karran','5989650958',3),(520,'Catharine','Faulds','7534738063',2),(521,'Leif','Risby','5902027446',2),(522,'Jennette','Catchpole','1486887859',5),(523,'Ervin','Paulino','7288388001',2),(524,'Sydelle','Shildrake','6486439361',2),(525,'Eleanora','Birtchnell','6097007311',5),(526,'Zia','MacMarcuis','9965137319',5),(527,'Towny','Luxmoore','5188760193',2),(528,'Libbey','Vigors','1197213195',2),(529,'Conny','Rowlstone','3741416425',2),(530,'Tiena','Greasley','7554639495',1),(531,'Cher','Maciunas','8789095055',4),(532,'Etienne','Aird','7241210934',2),(533,'Rudd','Probets','4532805008',3),(534,'Galvin','Burchett','6859424073',1),(535,'Annalise','Radnedge','6079781174',4),(536,'Jeramey','Saing','1226542263',4),(537,'Barby','Dewberry','1042664269',4),(538,'Oralia','Dislee','1188035261',3),(539,'Garrett','Knobell','9775892891',4),(540,'Derward','Mulcahy','5282583070',5),(541,'Bertina','Mansuer','1344335519',5),(542,'Faythe','Chaundy','3895228216',3),(543,'Cacilia','Ivanyutin','3428196343',3),(544,'Carly','','3965713605',2),(545,'Madeline','Minico','6126603927',5),(546,'Stanislaus','Shawe','1225419125',4),(547,'Pennie','Larder','4668398663',3),(548,'Hilda','Gergus','3318431517',1),(549,'Waverley','Capenor','3236778537',1),(550,'Yancey','Belin','7893545195',3),(551,'Philis','Cottu','9346227390',2),(552,'Hartwell','Knobell','3586906421',5),(553,'Loydie','Kidds','8634796882',4),(554,'Jerrie','Girvin','7623935940',1),(555,'Dewey','Mixhel','8132077288',4),(556,'Brien','Vinck','1173650848',5),(557,'Camilla','Nutton','8776299910',1),(558,'Filmore','Warters','3605430729',2),(559,'Drucie','Dart','9157333216',3),(560,'Craig','Putnam','8377116371',3),(561,'Benni','Dary','4457278899',3),(562,'Nappie','Duval','9146867345',4),(563,'Darb','McGaugie','5518075282',1),(564,'Terri','Dowe','3028280882',3),(565,'Quentin','Bogeys','3052427966',1),(566,'Bidget','','5153792238',4),(567,'Christoforo','Fuster','6651604973',5),(568,'Foster','Ferron','4964321179',5),(569,'Sansone','Prettyjohns','2862043692',5),(570,'Angeline','Dotterill','3044666565',1),(571,'Row','Deeley','7761496949',5),(572,'Brien','Vaneschi','2831580887',3),(573,'Eduardo','Ebenezer','1985684495',1),(574,'Eunice','Nolleau','6807741865',2),(575,'Ryan','Rasell','3711724054',2),(576,'Sonnie','Critcher','2188740597',1),(577,'Cosimo','Dudmarsh','5826423200',4),(578,'Sile','Padula','6916193578',3),(579,'Quintana','Karim','7371525962',1),(580,'','Gilliver','6428726755',3),(581,'Dulciana','Sharma','7568985622',4),(582,'Bearnard','Itzcak','5882185976',2),(583,'Marilee','Wem','2111545900',1),(584,'Aggie','Vischi','1886550925',3),(585,'Patton','Chaikovski','1683544814',5),(586,'Theresa','Gobel','5604284614',3),(587,'Timmi','Colliver','1341866958',5),(588,'Zebedee','Dumbarton','1415732547',2),(589,'Anne-corinne','Tudgay','8133127895',4),(590,'Fraze','Grogona','4385318632',3),(591,'Isidro','Lamborn','1769063797',2),(592,'Lyman','Palek','8631252079',1),(593,'Carlina','Yeaman','6348656029',4),(594,'Elsa','Cancelier','6128957588',3),(595,'','Kless','2456823801',2),(596,'Umberto','Boulsher','4776380207',2),(597,'Armand','Schroder','7595402702',4),(598,'Anna-maria','Pocke','2403418175',4),(599,'Niel','Bucktrout','9358062499',3),(600,'Rickey','Luddy','7546151109',2),(601,'Hetti','Lalevee','8348994421',3),(602,'Angel','Cokly','7856580971',5),(603,'Rocky','Vieyra','6876403653',5),(604,'Basilio','Lockhead','6359856636',3),(605,'Caron','Miguet','8646746355',4),(606,'Zsa zsa','Pinxton','1045832146',4),(607,'Kin','Lindholm','7189275633',3),(608,'Nelle','Gabey','2205514097',3),(609,'','Barabisch','5839910923',1),(610,'Garrett','Akess','1945309837',5),(611,'Prue','Borthwick','9411819428',2),(612,'Aubree','Redolfi','1294777028',5),(613,'Lonnard','Offen','2385646800',3),(614,'Jo-anne','Uebel','5854792128',2),(615,'Fielding','Broughton','5616992638',1),(616,'Chancey','Kirman','3345433830',5),(617,'Sonnie','Pady','3165747629',1),(618,'Agata','Patemore','2196770788',5),(619,'Dare','Smitherman','4527193544',4),(620,'Laetitia','Burridge','1626876450',2),(621,'Jeromy','Brogden','7129420051',5),(622,'Tedd','Grimsdike','5141267466',1),(623,'Torry','Pickle','2748904398',3),(624,'Shanan','Louder','8455276640',4),(625,'Pieter','Carlesso','6459873994',5),(626,'Janelle','Ryley','2761398275',4),(627,'Peg','de Clerq','2736460783',5),(628,'Rosalinde','Simon','5661243565',4),(629,'Deane','Curteis','1814607484',3),(630,'Sada','Hallede','9995910968',3),(631,'Lesly','Mandeville','4801937538',4),(632,'Johna','Krystek','9735625259',1),(633,'Fin','Bickmore','4109387646',4),(634,'Kerwinn','Edmead','5327604715',5),(635,'Vaughn','Ashley','2785512246',5),(636,'Patric','Ianizzi','8743290647',1),(637,'Germaine','Prout','7557839426',4),(638,'Maddalena','Oxherd','4239985248',4),(639,'Martelle','Schimon','8289293765',3),(640,'Arabel','Hedon','3796377254',1),(641,'Maryann','','7211254664',4),(642,'Husain','Meineck','2581180404',2),(643,'Ethelyn','Tough','2169997636',2),(644,'Aymer','Lowton','4157007707',3),(645,'Crista','Fellona','4783367278',3),(646,'Nickie','Twohig','9253151949',3),(647,'Marga','Forster','3936220008',4),(648,'Thorsten','Hellsdon','6495274006',3),(649,'Ernesto','Everest','1677167293',5),(650,'Sidoney','Trippack','8557320790',4),(651,'','Spore','7671848857',2),(652,'Blayne','Iacovelli','5161472028',1),(653,'Colet','Biasi','2146081887',2),(654,'Conney','Scrowton','7308682458',2),(655,'Patin','Bannard','7883550599',5),(656,'Tasia','Purslow','7315007113',1),(657,'Udell','Stockbridge','6228422241',4),(658,'Flora','Rickaert','2129506021',5),(659,'Sutherland','Stevenson','8441635662',4),(660,'Wes','Synnott','1512963266',5),(661,'Daisy','Kennington','7764974957',5),(662,'Brander','Spurling','7444863743',4),(663,'Antonia','McCrone','5245791239',2),(664,'Jacynth','July','7649394229',5),(665,'Ferdinande','Solleme','5331651883',3),(666,'Vittoria','Bernardelli','6388974359',1),(667,'Briggs','Taberner','9419208135',2),(668,'Kassi','Jahnel','4015523592',1),(669,'Donnie','Peddowe','8187060199',4),(670,'Josie','Maffia','6602847455',2),(671,'Michel','Denisard','4813388990',5),(672,'Donn','Piggen','9378655569',1),(673,'Anica','Burdytt','3965138046',5),(674,'Zorah','Pirouet','2409170263',3),(675,'Emmott','Batrim','2992686103',4),(676,'Francisca','Rappport','5975774250',2),(677,'Byram','Tease','9923739187',2),(678,'Armand','Quickenden','1124008608',5),(679,'Joellyn','Nolin','7771694472',4),(680,'Henka','Peperell','2347602252',4),(681,'Shari','Habgood','4827032752',1),(682,'Corabella','Bondesen','5586236539',4),(683,'Honoria','Jacquot','7187357887',4),(684,'Ben','Mauvin','2293857655',5),(685,'Philipa','Jozef','7891521201',3),(686,'Salomone','Cartwright','3546899619',1),(687,'Merrel','Brend','8896055957',3),(688,'Tommy','Tharme','8877438494',1),(689,'Arny','Bruckstein','8744274457',4),(690,'Tasia','Bennike','4344769750',5),(691,'Pier','Ommundsen','3829883830',2),(692,'Sutton','Gridley','6309723034',1),(693,'Basilio','Hatter','9633070384',5),(694,'Westbrook','Ilson','3573499453',1),(695,'Benita','Carnegy','2679329884',4),(696,'Cullen','Cosley','4621335227',5),(697,'Tabby','Gruszka','7851902459',3),(698,'Dorelle','Benez','3067330654',5),(699,'Darcee','Cordeux','1833707206',3),(700,'','Mucklow','3275343412',4),(701,'Field','Winny','8372024394',3),(702,'Renelle','','1077379537',2),(703,'Mathian','Shorthill','6777841879',4),(704,'Ban','Szymanek','5336306426',4),(705,'Curcio','Dalgarnocht','6174146523',3),(706,'Almire','Ronchka','3793692102',5),(707,'Howie','Worms','1344006163',1),(708,'Melody','Mycroft','5733846241',4),(709,'Delia','Stephen','1808423355',4),(710,'Terence','Pointer','4868339337',2),(711,'Ceciley','Kivits','5386342645',3),(712,'Leeann','Dennis','9459979164',5),(713,'Arie','Hill','4226449016',3),(714,'Shantee','Hazart','8814903771',3),(715,'Marcelline','Godrich','9688993711',3),(716,'Booth','Croll','3032115480',5),(717,'Monah','Bacher','5595770887',2),(718,'Andria','Bellini','4472809847',1),(719,'Simon','Jacobsz','7995211095',1),(720,'Esme','Heers','2648622560',5),(721,'','Rubie','4487481546',5),(722,'Anatollo','Whorton','6199477292',5),(723,'Robbin','Yurlov','9789176437',2),(724,'Field','Mannix','9175969355',3),(725,'Natasha','Bladen','1999575610',5),(726,'Veriee','Bootes','4291647823',1),(727,'Giuditta','Schwand','8143791691',3),(728,'Graham','Mattimoe','6944683366',5),(729,'Angeline','Tetla','4998971591',2),(730,'Robinet','Gisbey','3798987382',4),(731,'Joelly','Munroe','3271343248',4),(732,'Jolee','Winterbottom','7787917491',1),(733,'Kitty','Mcmanaman','9815117952',2),(734,'Eugen','McNae','5375878926',4),(735,'Davida','Guiver','5897657779',5),(736,'Kristyn','Rosbotham','6566995776',1),(737,'Paola','Warhurst','3111566593',5),(738,'Wenona','Okroy','2438887204',5),(739,'Gabie','Cowing','4273831743',3),(740,'Kelila','Bygrave','9301818134',1),(741,'Aldis','Kennedy','5464082673',4),(742,'Joanne','Weighell','4753073810',3),(743,'Morton','Spyby','2427178961',4),(744,'Valry','Windows','6196968825',4),(745,'Sandye','Clemetts','7852446408',5),(746,'Miles','Sharper','5174961261',5),(747,'Davy','Daelman','5131419180',4),(748,'Jarib','Coltan','2661422331',5),(749,'Antoine','Weatherhead','5424172340',3),(750,'Pip','Bensen','3171160671',1),(751,'Whitney','Vials','2888826024',4),(752,'Angelle','De Benedictis','8448835071',3),(753,'Janella','Duchasteau','4721422000',5),(754,'Currie','Elph','4265073768',1),(755,'Saul','Root','5598639923',2),(756,'Roanna','','7148411754',4),(757,'Evangelina','Sirr','3298676642',2),(758,'Trixie','Dunkerk','6563628900',4),(759,'Cordula','Corbyn','9461166735',2),(760,'Adoree','Trudgian','1791123195',1),(761,'Shae','Thal','6095737199',5),(762,'Frasco','Krook','7559853038',5),(763,'Noll','Gammie','4289590289',3),(764,'Eberhard','Deboy','1108374441',2),(765,'Jonathon','Oxby','9701241635',1),(766,'Kerby','Beardow','5475083271',3),(767,'Sheila-kathryn','','1234080364',3),(768,'Cordy','Bonder','5975121670',1),(769,'Rudolfo','Fandrich','9408487081',5),(770,'Cassandra','Kelley','9409919046',5),(771,'David','Acres','6316307897',1),(772,'Ezri','Ibarra','2254574662',4),(773,'Theodore','Simmonds','5499795974',4),(774,'','Towner','4523189981',2),(775,'Mead','Fiddiman','7859836116',3),(776,'Nanon','Chaddock','4914259253',3),(777,'Derek','Tabbitt','5221604249',5),(778,'Evie','Doody','3077737787',5),(779,'Nanon','Gaitskill','9564099664',2),(780,'Serene','Donativo','4124885141',2),(781,'Reinhard','Parnaby','7406091198',4),(782,'Hillery','Sandeland','4188759490',4),(783,'Walliw','Strongitharm','3161506769',1),(784,'Mayne','Ollive','2068659737',4),(785,'Shelden','Vost','5504248418',4),(786,'Anatola','Hurkett','6108206013',2),(787,'Lorant','Rackam','6689008939',3),(788,'Adriana','Montel','6719494856',1),(789,'Cissy','Freemantle','4082139471',2),(790,'Barnie','','4645701192',1),(791,'Annetta','Fewless','1766568238',2),(792,'Nichole','Goolden','5519576982',5),(793,'Debra','Spriggin','7806030167',3),(794,'Barbi','Valentinetti','5161290532',5),(795,'Shanta','Thursfield','5813880613',4),(796,'Dniren','Dalley','4648517319',4),(797,'Marlon','Yurlov','6934346002',5),(798,'Ellswerth','Missen','1713241822',5),(799,'Haven','','7208139058',4),(800,'Jazmin','Butters','3185463607',2),(801,'Ilyse','Gurry','1022083685',4),(802,'Willabella','De Mico','4579029557',4),(803,'Frieda','Klimas','7064531922',3),(804,'Loraine','Napolitano','4314973430',3),(805,'Amber','Bamell','8309953768',5),(806,'Norman','Blacklawe','7703784505',5),(807,'Rahal','Dungey','4498596079',3),(808,'Peta','','3611013642',3),(809,'Janice','Thurman','9786781397',5),(810,'Joshua','Smardon','9929347744',2),(811,'Rikki','Cammidge','7367408100',2),(812,'Dreddy','Gebhard','5596077851',2),(813,'Shelden','Luard','9751344148',2),(814,'Rivi','Rosencrantz','2461345973',5),(815,'Maurie','Treacy','2488941006',4),(816,'Walden','Boydle','4481529168',2),(817,'Steffi','de Grey','7108649195',5),(818,'Amandi','Duckerin','4976334875',1),(819,'Slade','Mowbury','3772813014',2),(820,'Devondra','Cornick','3084639107',5),(821,'Hersch','Lindop','4543643118',5),(822,'Verine','Bernet','6522803162',1),(823,'Justinn','','3343887474',4),(824,'Duky','Vaudre','3559282271',2),(825,'Sharl','Crewther','9941701556',3),(826,'Wilone','Vernon','1328249374',2),(827,'Cayla','Vannuccini','1743700932',1),(828,'Lizette','Rentz','2126279118',2),(829,'Fin','McTrustie','6154996203',2),(830,'Connie','Gosnall','8269444133',1),(831,'Nikaniki','Fahey','9708888612',1),(832,'Nikolas','Lode','5257605987',4),(833,'Clayborne','Mutter','6117331632',4),(834,'Derk','Savary','9119781697',1),(835,'Geraldine','Hazley','1972000029',3),(836,'Sharity','Neilly','7761612929',2),(837,'Farica','McCorley','3097450516',5),(838,'Berry','Hugo','6321570759',1),(839,'Christie','Pundy','1203675058',3),(840,'Sim','Ethington','1028615191',2),(841,'Tildie','Shemmin','7643307351',4),(842,'Serge','Simmonds','6256772928',2),(843,'Haily','Pym','6197704350',3),(844,'Delmar','Badini','3903021025',2),(845,'Reube','Rawstorn','8675663098',5),(846,'Tallia','Jankin','7846065583',5),(847,'Ollie','Fermer','7935119439',2),(848,'Giavani','Bradtke','5972707125',3),(849,'Gilberto','Battrick','1243622708',2),(850,'Tamarah','Brauninger','5137234417',5);
/*!40000 ALTER TABLE `CLIENTES` ENABLE KEYS */;
UNLOCK TABLES;

--
-- Table structure for table `DETALLE_PAGOS`
--

DROP TABLE IF EXISTS `DETALLE_PAGOS`;
/*!40101 SET @saved_cs_client     = @@character_set_client */;
/*!50503 SET character_set_client = utf8mb4 */;
CREATE TABLE `DETALLE_PAGOS` (
  `IdDetallePago` int NOT NULL AUTO_INCREMENT,
  `IdPago` int NOT NULL,
  `Descripcion` varchar(255) DEFAULT NULL,
  `Monto` int DEFAULT NULL,
  PRIMARY KEY (`IdDetallePago`),
  KEY `fk_detalle_pagos_pagos` (`IdPago`),
  CONSTRAINT `fk_detalle_pagos_pagos` FOREIGN KEY (`IdPago`) REFERENCES `PAGOS` (`IdPago`)
) ENGINE=InnoDB AUTO_INCREMENT=512 DEFAULT CHARSET=utf8mb4 COLLATE=utf8mb4_0900_ai_ci COMMENT='Esta tabla guarda los detalles de los pagos';
/*!40101 SET character_set_client = @saved_cs_client */;

--
-- Dumping data for table `DETALLE_PAGOS`
--

LOCK TABLES `DETALLE_PAGOS` WRITE;
/*!40000 ALTER TABLE `DETALLE_PAGOS` DISABLE KEYS */;
INSERT INTO `DETALLE_PAGOS` VALUES (1,261,'reserva de cancha',2304),(2,195,'seguro deportivo',4765),(3,396,'seguro deportivo',4452),(4,375,'seguro deportivo',3614),(5,439,'inscripcion de equipo',4664),(6,41,'seguro deportivo',2981),(7,444,'seguro deportivo',2554),(8,384,'inscripcion de equipo',2649),(9,266,'Cargo adicional por limpieza',2454),(10,217,'reserva de cancha',4014),(11,2,'reserva de cancha',4969),(12,162,'Cargo adicional por limpieza',1656),(13,487,'seguro deportivo',3621),(14,191,'reserva de cancha',1331),(15,488,'seguro deportivo',4185),(16,150,'reserva de cancha',2060),(17,88,'seguro deportivo',2453),(18,115,'inscripcion de equipo',2286),(19,420,'reserva de cancha',2164),(20,139,'inscripcion de equipo',1251),(21,448,'seguro deportivo',3715),(22,181,'seguro deportivo',1525),(23,499,'inscripcion de equipo',2104),(24,261,'reserva de cancha',1974),(25,424,'seguro deportivo',4792),(26,257,'reserva de cancha',3054),(27,45,'Cargo adicional por limpieza',4594),(28,83,'seguro deportivo',1527),(29,353,'inscripcion de equipo',4604),(30,339,'seguro deportivo',2372),(31,425,'Cargo adicional por limpieza',4990),(32,229,'seguro deportivo',2459),(33,190,'Cargo adicional por limpieza',3707),(34,14,'inscripcion de equipo',1568),(35,234,'seguro deportivo',1255),(36,385,'Cargo adicional por limpieza',2130),(37,219,'seguro deportivo',4199),(38,165,'inscripcion de equipo',4991),(39,114,'inscripcion de equipo',4556),(40,364,'reserva de cancha',1170),(41,259,'reserva de cancha',1200),(42,362,'inscripcion de equipo',2878),(43,475,'reserva de cancha',2660),(44,382,'Cargo adicional por limpieza',4189),(45,292,'seguro deportivo',4514),(46,437,'seguro deportivo',3432),(47,245,'reserva de cancha',1392),(48,315,'Cargo adicional por limpieza',3510),(49,55,'reserva de cancha',2944),(50,245,'Cargo adicional por limpieza',3667),(51,166,'reserva de cancha',1455),(52,135,'reserva de cancha',3592),(53,282,'seguro deportivo',3968),(54,158,'reserva de cancha',4405),(55,126,'inscripcion de equipo',1397),(56,316,'inscripcion de equipo',3893),(57,360,'Cargo adicional por limpieza',2588),(58,42,'reserva de cancha',4979),(59,103,'inscripcion de equipo',1760),(60,24,'reserva de cancha',4561),(61,182,'seguro deportivo',3734),(62,329,'reserva de cancha',4298),(63,150,'seguro deportivo',2611),(64,98,'reserva de cancha',1445),(65,382,'inscripcion de equipo',3178),(66,488,'seguro deportivo',2016),(67,16,'Cargo adicional por limpieza',1747),(68,394,'Cargo adicional por limpieza',1316),(69,165,'inscripcion de equipo',1719),(70,410,'reserva de cancha',1797),(71,71,'reserva de cancha',1015),(72,15,'seguro deportivo',2778),(73,317,'seguro deportivo',1652),(74,282,'Cargo adicional por limpieza',4636),(75,455,'seguro deportivo',2243),(76,68,'reserva de cancha',1972),(77,24,'reserva de cancha',2597),(78,77,'reserva de cancha',1034),(79,8,'Cargo adicional por limpieza',3918),(80,365,'reserva de cancha',4869),(81,61,'seguro deportivo',1237),(82,318,'seguro deportivo',2852),(83,233,'reserva de cancha',4887),(84,322,'seguro deportivo',4218),(85,161,'seguro deportivo',2157),(86,287,'inscripcion de equipo',2378),(87,173,'inscripcion de equipo',1333),(88,439,'inscripcion de equipo',2361),(89,110,'inscripcion de equipo',2211),(90,109,'Cargo adicional por limpieza',4845),(91,500,'reserva de cancha',2801),(92,268,'reserva de cancha',4020),(93,404,'reserva de cancha',4743),(94,484,'inscripcion de equipo',3638),(95,223,'seguro deportivo',3287),(96,337,'seguro deportivo',3345),(97,351,'reserva de cancha',2519),(98,273,'Cargo adicional por limpieza',3494),(99,3,'seguro deportivo',1970),(100,395,'seguro deportivo',2596),(101,436,'inscripcion de equipo',3083),(102,283,'seguro deportivo',1122),(103,187,'Cargo adicional por limpieza',3539),(104,222,'seguro deportivo',2704),(105,341,'Cargo adicional por limpieza',3261),(106,131,'inscripcion de equipo',2354),(107,96,'Cargo adicional por limpieza',1001),(108,428,'reserva de cancha',4298),(109,110,'inscripcion de equipo',3325),(110,23,'inscripcion de equipo',2161),(111,490,'seguro deportivo',2527),(112,361,'seguro deportivo',2120),(113,45,'seguro deportivo',2430),(114,438,'Cargo adicional por limpieza',2417),(115,38,'seguro deportivo',2371),(116,81,'Cargo adicional por limpieza',4989),(117,2,'reserva de cancha',1298),(118,233,'seguro deportivo',1474),(119,215,'Cargo adicional por limpieza',2288),(120,130,'reserva de cancha',4245),(121,218,'seguro deportivo',4286),(122,264,'seguro deportivo',3953),(123,19,'Cargo adicional por limpieza',4617),(124,115,'Cargo adicional por limpieza',4421),(125,133,'inscripcion de equipo',1435),(126,170,'Cargo adicional por limpieza',2854),(127,75,'Cargo adicional por limpieza',2997),(128,48,'inscripcion de equipo',3992),(129,365,'inscripcion de equipo',3271),(130,5,'seguro deportivo',1719),(131,323,'seguro deportivo',3067),(132,19,'seguro deportivo',3973),(133,244,'seguro deportivo',4718),(134,451,'inscripcion de equipo',3692),(135,366,'Cargo adicional por limpieza',1497),(136,107,'inscripcion de equipo',3323),(137,478,'Cargo adicional por limpieza',1254),(138,358,'Cargo adicional por limpieza',4013),(139,225,'reserva de cancha',3872),(140,59,'inscripcion de equipo',1996),(141,403,'seguro deportivo',2170),(142,445,'Cargo adicional por limpieza',4359),(143,208,'Cargo adicional por limpieza',3411),(144,479,'inscripcion de equipo',3349),(145,29,'seguro deportivo',4000),(146,240,'reserva de cancha',1274),(147,415,'Cargo adicional por limpieza',1607),(148,73,'seguro deportivo',2338),(149,352,'reserva de cancha',4917),(150,288,'reserva de cancha',1898),(151,221,'seguro deportivo',1626),(152,500,'reserva de cancha',4242),(153,355,'reserva de cancha',3154),(154,479,'seguro deportivo',4505),(155,411,'Cargo adicional por limpieza',2997),(156,76,'seguro deportivo',4462),(157,93,'inscripcion de equipo',1621),(158,274,'inscripcion de equipo',4573),(159,414,'reserva de cancha',2731),(160,316,'Cargo adicional por limpieza',1250),(161,440,'reserva de cancha',1881),(162,334,'inscripcion de equipo',4992),(163,467,'inscripcion de equipo',1128),(164,139,'seguro deportivo',4851),(165,274,'seguro deportivo',1361),(166,169,'reserva de cancha',2547),(167,232,'seguro deportivo',4189),(168,145,'reserva de cancha',4335),(169,316,'seguro deportivo',2426),(170,194,'Cargo adicional por limpieza',4988),(171,445,'Cargo adicional por limpieza',3986),(172,235,'Cargo adicional por limpieza',3080),(173,204,'seguro deportivo',1681),(174,203,'seguro deportivo',3543),(175,302,'reserva de cancha',4226),(176,448,'reserva de cancha',2579),(177,57,'reserva de cancha',4921),(178,111,'inscripcion de equipo',4811),(179,128,'Cargo adicional por limpieza',1356),(180,37,'Cargo adicional por limpieza',3288),(181,261,'reserva de cancha',3271),(182,121,'reserva de cancha',1359),(183,233,'seguro deportivo',2805),(184,258,'inscripcion de equipo',4008),(185,241,'seguro deportivo',4807),(186,138,'inscripcion de equipo',4653),(187,228,'seguro deportivo',1518),(188,294,'seguro deportivo',2485),(189,292,'reserva de cancha',4755),(190,101,'inscripcion de equipo',3212),(191,105,'inscripcion de equipo',1962),(192,48,'Cargo adicional por limpieza',2372),(193,214,'reserva de cancha',4129),(194,21,'Cargo adicional por limpieza',3730),(195,220,'Cargo adicional por limpieza',3464),(196,394,'inscripcion de equipo',1813),(197,163,'seguro deportivo',2920),(198,122,'inscripcion de equipo',2790),(199,295,'seguro deportivo',2870),(200,119,'reserva de cancha',4299),(201,438,'inscripcion de equipo',3618),(202,362,'reserva de cancha',1162),(203,401,'Cargo adicional por limpieza',4355),(204,477,'reserva de cancha',3051),(205,472,'Cargo adicional por limpieza',1724),(206,213,'Cargo adicional por limpieza',2392),(207,206,'seguro deportivo',2354),(208,468,'seguro deportivo',1603),(209,178,'reserva de cancha',2023),(210,8,'reserva de cancha',4196),(211,191,'Cargo adicional por limpieza',3182),(212,59,'inscripcion de equipo',3701),(213,16,'reserva de cancha',3892),(214,136,'inscripcion de equipo',3174),(215,314,'inscripcion de equipo',4984),(216,32,'Cargo adicional por limpieza',4058),(217,84,'reserva de cancha',4060),(218,52,'reserva de cancha',2938),(219,323,'seguro deportivo',2755),(220,74,'inscripcion de equipo',4492),(221,109,'reserva de cancha',3605),(222,213,'seguro deportivo',1562),(223,90,'reserva de cancha',4742),(224,396,'Cargo adicional por limpieza',1882),(225,469,'seguro deportivo',4210),(226,117,'reserva de cancha',3518),(227,391,'reserva de cancha',2022),(228,87,'reserva de cancha',2360),(229,321,'inscripcion de equipo',3267),(230,349,'reserva de cancha',3054),(231,16,'reserva de cancha',4978),(232,475,'reserva de cancha',1157),(233,216,'seguro deportivo',1465),(234,151,'inscripcion de equipo',3961),(235,228,'reserva de cancha',1701),(236,346,'inscripcion de equipo',2515),(237,130,'inscripcion de equipo',2445),(238,136,'inscripcion de equipo',4971),(239,438,'Cargo adicional por limpieza',3817),(240,81,'seguro deportivo',2052),(241,218,'Cargo adicional por limpieza',2154),(242,455,'reserva de cancha',4960),(243,58,'Cargo adicional por limpieza',4908),(244,164,'reserva de cancha',2395),(245,65,'reserva de cancha',3366),(246,346,'inscripcion de equipo',3403),(247,205,'inscripcion de equipo',2300),(248,355,'reserva de cancha',3565),(249,294,'seguro deportivo',2224),(250,383,'reserva de cancha',4571),(251,216,'inscripcion de equipo',2825),(252,85,'reserva de cancha',3977),(253,141,'seguro deportivo',4708),(254,70,'Cargo adicional por limpieza',4703),(255,33,'Cargo adicional por limpieza',1057),(256,69,'seguro deportivo',1261),(257,253,'reserva de cancha',3186),(258,182,'inscripcion de equipo',1570),(259,22,'Cargo adicional por limpieza',1090),(260,468,'inscripcion de equipo',3956),(261,20,'seguro deportivo',4746),(262,487,'seguro deportivo',4218),(263,95,'inscripcion de equipo',2962),(264,195,'inscripcion de equipo',2076),(265,448,'seguro deportivo',4792),(266,213,'Cargo adicional por limpieza',3276),(267,224,'reserva de cancha',4901),(268,215,'seguro deportivo',2174),(269,160,'inscripcion de equipo',3112),(270,313,'Cargo adicional por limpieza',4128),(271,339,'Cargo adicional por limpieza',3405),(272,32,'seguro deportivo',3479),(273,121,'seguro deportivo',3102),(274,365,'inscripcion de equipo',1459),(275,4,'reserva de cancha',2445),(276,250,'inscripcion de equipo',4799),(277,235,'seguro deportivo',4048),(278,68,'reserva de cancha',1062),(279,127,'reserva de cancha',4484),(280,438,'seguro deportivo',3315),(281,311,'seguro deportivo',2830),(282,126,'inscripcion de equipo',3982),(283,307,'reserva de cancha',3365),(284,374,'seguro deportivo',2697),(285,51,'seguro deportivo',3909),(286,223,'reserva de cancha',3762),(287,168,'seguro deportivo',1687),(288,480,'Cargo adicional por limpieza',1027),(289,447,'reserva de cancha',1519),(290,367,'Cargo adicional por limpieza',4612),(291,392,'inscripcion de equipo',1606),(292,94,'inscripcion de equipo',2173),(293,405,'reserva de cancha',2230),(294,317,'Cargo adicional por limpieza',2710),(295,454,'Cargo adicional por limpieza',2082),(296,120,'seguro deportivo',2584),(297,347,'inscripcion de equipo',1393),(298,265,'reserva de cancha',2134),(299,361,'seguro deportivo',1776),(300,234,'seguro deportivo',4953),(301,343,'inscripcion de equipo',4713),(302,327,'reserva de cancha',4291),(303,439,'inscripcion de equipo',2794),(304,332,'seguro deportivo',1419),(305,21,'reserva de cancha',4370),(306,277,'reserva de cancha',4182),(307,171,'inscripcion de equipo',1269),(308,23,'seguro deportivo',4547),(309,50,'reserva de cancha',1918),(310,366,'seguro deportivo',2447),(311,446,'seguro deportivo',3529),(312,226,'Cargo adicional por limpieza',3896),(313,17,'seguro deportivo',4593),(314,354,'Cargo adicional por limpieza',2340),(315,244,'seguro deportivo',2419),(316,73,'seguro deportivo',3090),(317,333,'inscripcion de equipo',4361),(318,464,'reserva de cancha',1786),(319,326,'seguro deportivo',4171),(320,193,'reserva de cancha',1178),(321,196,'reserva de cancha',1560),(322,131,'seguro deportivo',1211),(323,78,'Cargo adicional por limpieza',4055),(324,45,'inscripcion de equipo',1688),(325,219,'inscripcion de equipo',2911),(326,480,'reserva de cancha',3943),(327,215,'seguro deportivo',4788),(328,110,'reserva de cancha',4726),(329,491,'inscripcion de equipo',2145),(330,464,'seguro deportivo',1979),(331,76,'seguro deportivo',2038),(332,147,'inscripcion de equipo',3958),(333,406,'inscripcion de equipo',1993),(334,313,'inscripcion de equipo',2844),(335,406,'Cargo adicional por limpieza',2323),(336,259,'seguro deportivo',3543),(337,41,'inscripcion de equipo',4777),(338,64,'reserva de cancha',4922),(339,316,'reserva de cancha',1314),(340,239,'seguro deportivo',3365),(341,373,'inscripcion de equipo',2922),(342,46,'Cargo adicional por limpieza',4297),(343,31,'Cargo adicional por limpieza',4535),(344,86,'reserva de cancha',1136),(345,418,'Cargo adicional por limpieza',4571),(346,291,'seguro deportivo',1039),(347,398,'seguro deportivo',2432),(348,124,'reserva de cancha',1672),(349,334,'Cargo adicional por limpieza',4891),(350,149,'reserva de cancha',1541),(351,481,'seguro deportivo',1385),(352,479,'Cargo adicional por limpieza',1697),(353,201,'seguro deportivo',1953),(354,304,'reserva de cancha',2060),(355,179,'inscripcion de equipo',3083),(356,149,'seguro deportivo',1533),(357,467,'inscripcion de equipo',2814),(358,16,'Cargo adicional por limpieza',1918),(359,138,'reserva de cancha',4774),(360,452,'Cargo adicional por limpieza',2091),(361,303,'seguro deportivo',2282),(362,150,'seguro deportivo',2933),(363,8,'Cargo adicional por limpieza',4122),(364,111,'inscripcion de equipo',1301),(365,81,'reserva de cancha',3654),(366,59,'seguro deportivo',3308),(367,93,'inscripcion de equipo',1928),(368,429,'reserva de cancha',3615),(369,269,'inscripcion de equipo',4600),(370,74,'Cargo adicional por limpieza',2085),(371,322,'reserva de cancha',2913),(372,204,'inscripcion de equipo',1039),(373,1,'reserva de cancha',4601),(374,336,'Cargo adicional por limpieza',2353),(375,162,'inscripcion de equipo',4322),(376,442,'Cargo adicional por limpieza',4787),(377,111,'inscripcion de equipo',3104),(378,104,'reserva de cancha',2411),(379,358,'seguro deportivo',4262),(380,174,'inscripcion de equipo',1628),(381,135,'seguro deportivo',3255),(382,330,'Cargo adicional por limpieza',2874),(383,341,'Cargo adicional por limpieza',3722),(384,482,'Cargo adicional por limpieza',2187),(385,281,'inscripcion de equipo',4451),(386,394,'inscripcion de equipo',2122),(387,32,'reserva de cancha',3554),(388,167,'inscripcion de equipo',1284),(389,260,'reserva de cancha',4620),(390,266,'Cargo adicional por limpieza',2973),(391,254,'reserva de cancha',1127),(392,363,'inscripcion de equipo',1330),(393,350,'Cargo adicional por limpieza',1505),(394,343,'Cargo adicional por limpieza',4760),(395,194,'inscripcion de equipo',1883),(396,415,'Cargo adicional por limpieza',3218),(397,29,'Cargo adicional por limpieza',1493),(398,13,'Cargo adicional por limpieza',4063),(399,238,'reserva de cancha',3270),(400,346,'inscripcion de equipo',1965),(401,425,'seguro deportivo',3630),(402,337,'inscripcion de equipo',1819),(403,374,'reserva de cancha',4134),(404,292,'Cargo adicional por limpieza',1175),(405,262,'reserva de cancha',4427),(406,430,'inscripcion de equipo',1605),(407,161,'Cargo adicional por limpieza',1317),(408,143,'reserva de cancha',1910),(409,145,'seguro deportivo',2881),(410,48,'inscripcion de equipo',4165),(411,312,'Cargo adicional por limpieza',4076),(412,376,'Cargo adicional por limpieza',1091),(413,145,'reserva de cancha',2736),(414,245,'reserva de cancha',1035),(415,110,'seguro deportivo',4182),(416,187,'reserva de cancha',2174),(417,370,'seguro deportivo',4677),(418,187,'Cargo adicional por limpieza',4523),(419,461,'inscripcion de equipo',1976),(420,176,'seguro deportivo',3249),(421,30,'inscripcion de equipo',4745),(422,480,'seguro deportivo',1702),(423,425,'inscripcion de equipo',2023),(424,20,'Cargo adicional por limpieza',2983),(425,316,'Cargo adicional por limpieza',2707),(426,332,'reserva de cancha',3182),(427,51,'inscripcion de equipo',1712),(428,468,'inscripcion de equipo',3525),(429,45,'inscripcion de equipo',2786),(430,337,'reserva de cancha',1799),(431,417,'reserva de cancha',3320),(432,52,'seguro deportivo',2329),(433,417,'Cargo adicional por limpieza',3055),(434,489,'Cargo adicional por limpieza',4898),(435,164,'Cargo adicional por limpieza',1094),(436,328,'reserva de cancha',3835),(437,346,'Cargo adicional por limpieza',4334),(438,486,'seguro deportivo',4892),(439,234,'Cargo adicional por limpieza',3093),(440,310,'seguro deportivo',3915),(441,434,'reserva de cancha',1950),(442,99,'seguro deportivo',2586),(443,331,'inscripcion de equipo',4459),(444,336,'reserva de cancha',4892),(445,266,'Cargo adicional por limpieza',4331),(446,8,'reserva de cancha',1293),(447,35,'Cargo adicional por limpieza',2729),(448,228,'Cargo adicional por limpieza',2330),(449,325,'inscripcion de equipo',3244),(450,328,'inscripcion de equipo',4438),(451,108,'inscripcion de equipo',4319),(452,193,'reserva de cancha',2938),(453,263,'inscripcion de equipo',4639),(454,282,'Cargo adicional por limpieza',3629),(455,489,'seguro deportivo',2526),(456,223,'Cargo adicional por limpieza',3830),(457,456,'reserva de cancha',1053),(458,237,'Cargo adicional por limpieza',3133),(459,364,'Cargo adicional por limpieza',1017),(460,13,'seguro deportivo',2626),(461,418,'inscripcion de equipo',2120),(462,364,'seguro deportivo',1563),(463,245,'inscripcion de equipo',3224),(464,104,'reserva de cancha',1739),(465,231,'reserva de cancha',3193),(466,448,'seguro deportivo',4181),(467,272,'seguro deportivo',1366),(468,27,'inscripcion de equipo',3626),(469,170,'seguro deportivo',3020),(470,27,'reserva de cancha',2892),(471,16,'inscripcion de equipo',3151),(472,374,'Cargo adicional por limpieza',4078),(473,163,'reserva de cancha',3143),(474,124,'inscripcion de equipo',3185),(475,145,'seguro deportivo',1560),(476,285,'Cargo adicional por limpieza',2735),(477,257,'inscripcion de equipo',4505),(478,7,'seguro deportivo',3426),(479,279,'reserva de cancha',4835),(480,456,'inscripcion de equipo',2470),(481,435,'Cargo adicional por limpieza',1346),(482,106,'reserva de cancha',3540),(483,365,'seguro deportivo',4371),(484,96,'inscripcion de equipo',3342),(485,400,'inscripcion de equipo',1641),(486,296,'inscripcion de equipo',4784),(487,401,'reserva de cancha',1810),(488,58,'inscripcion de equipo',4456),(489,7,'Cargo adicional por limpieza',1040),(490,134,'Cargo adicional por limpieza',4707),(491,374,'Cargo adicional por limpieza',3692),(492,484,'reserva de cancha',1236),(493,254,'reserva de cancha',2105),(494,34,'inscripcion de equipo',3804),(495,52,'seguro deportivo',3206),(496,466,'Cargo adicional por limpieza',4886),(497,346,'inscripcion de equipo',3901),(498,323,'inscripcion de equipo',3322),(499,163,'inscripcion de equipo',4421),(500,109,'inscripcion de equipo',3928);
/*!40000 ALTER TABLE `DETALLE_PAGOS` ENABLE KEYS */;
UNLOCK TABLES;

--
-- Table structure for table `EMPLEADOS`
--

DROP TABLE IF EXISTS `EMPLEADOS`;
/*!40101 SET @saved_cs_client     = @@character_set_client */;
/*!50503 SET character_set_client = utf8mb4 */;
CREATE TABLE `EMPLEADOS` (
  `IdEmpleado` int NOT NULL AUTO_INCREMENT,
  `NombreEmpleado` varchar(60) DEFAULT NULL,
  `RolEmpleado` varchar(60) DEFAULT NULL,
  PRIMARY KEY (`IdEmpleado`)
) ENGINE=InnoDB AUTO_INCREMENT=6 DEFAULT CHARSET=utf8mb4 COLLATE=utf8mb4_0900_ai_ci COMMENT='Esta tabla guarda los empleados';
/*!40101 SET character_set_client = @saved_cs_client */;

--
-- Dumping data for table `EMPLEADOS`
--

LOCK TABLES `EMPLEADOS` WRITE;
/*!40000 ALTER TABLE `EMPLEADOS` DISABLE KEYS */;
INSERT INTO `EMPLEADOS` VALUES (1,'Juan Perez','Jefe'),(2,'Ana Gomez','Empleado'),(3,'Carlos Ruiz','Empleado'),(4,'Mara Lopez','Empleado'),(5,'Luis Sanchez','Empleado');
/*!40000 ALTER TABLE `EMPLEADOS` ENABLE KEYS */;
UNLOCK TABLES;

--
-- Table structure for table `HORARIOS`
--

DROP TABLE IF EXISTS `HORARIOS`;
/*!40101 SET @saved_cs_client     = @@character_set_client */;
/*!50503 SET character_set_client = utf8mb4 */;
CREATE TABLE `HORARIOS` (
  `IdHorario` int NOT NULL AUTO_INCREMENT,
  `HoraInicio` time NOT NULL,
  `HoraFin` time NOT NULL,
  PRIMARY KEY (`IdHorario`)
) ENGINE=InnoDB AUTO_INCREMENT=15 DEFAULT CHARSET=utf8mb4 COLLATE=utf8mb4_0900_ai_ci COMMENT='Esta tabla guarda los horarios disponibles para las reservas';
/*!40101 SET character_set_client = @saved_cs_client */;

--
-- Dumping data for table `HORARIOS`
--

LOCK TABLES `HORARIOS` WRITE;
/*!40000 ALTER TABLE `HORARIOS` DISABLE KEYS */;
INSERT INTO `HORARIOS` VALUES (1,'08:00:00','09:00:00'),(2,'09:00:00','10:00:00'),(3,'10:00:00','11:00:00'),(4,'11:00:00','12:00:00'),(5,'12:00:00','13:00:00'),(6,'13:00:00','14:00:00'),(7,'14:00:00','15:00:00'),(8,'15:00:00','16:00:00'),(9,'16:00:00','17:00:00'),(10,'17:00:00','18:00:00'),(11,'18:00:00','19:00:00'),(12,'19:00:00','20:00:00'),(13,'20:00:00','21:00:00'),(14,'21:00:00','22:00:00');
/*!40000 ALTER TABLE `HORARIOS` ENABLE KEYS */;
UNLOCK TABLES;

--
-- Table structure for table `INSUMOS`
--

DROP TABLE IF EXISTS `INSUMOS`;
/*!40101 SET @saved_cs_client     = @@character_set_client */;
/*!50503 SET character_set_client = utf8mb4 */;
CREATE TABLE `INSUMOS` (
  `IdInsumo` int NOT NULL AUTO_INCREMENT,
  `DescripcionInsumo` varchar(60) DEFAULT NULL,
  `Cantidad` int DEFAULT NULL,
  PRIMARY KEY (`IdInsumo`)
) ENGINE=InnoDB AUTO_INCREMENT=6 DEFAULT CHARSET=utf8mb4 COLLATE=utf8mb4_0900_ai_ci COMMENT='Esta tabla guarda los insumos del club para saber la cantidad disponible de cada insumo';
/*!40101 SET character_set_client = @saved_cs_client */;

--
-- Dumping data for table `INSUMOS`
--

LOCK TABLES `INSUMOS` WRITE;
/*!40000 ALTER TABLE `INSUMOS` DISABLE KEYS */;
INSERT INTO `INSUMOS` VALUES (1,'Pelotas de ftbol',20),(2,'Conos de entrenamiento',50),(3,'Redes para arcos',10),(4,'Marcadores',15),(5,'Botellas de agua',100);
/*!40000 ALTER TABLE `INSUMOS` ENABLE KEYS */;
UNLOCK TABLES;

--
-- Table structure for table `PAGOS`
--

DROP TABLE IF EXISTS `PAGOS`;
/*!40101 SET @saved_cs_client     = @@character_set_client */;
/*!50503 SET character_set_client = utf8mb4 */;
CREATE TABLE `PAGOS` (
  `IdPago` int NOT NULL AUTO_INCREMENT,
  `FechaPago` datetime DEFAULT CURRENT_TIMESTAMP,
  `CantidadPago` int DEFAULT NULL,
  `IdCliente` int DEFAULT NULL,
  PRIMARY KEY (`IdPago`),
  KEY `fk_pagos_clientes` (`IdCliente`),
  CONSTRAINT `fk_pagos_clientes` FOREIGN KEY (`IdCliente`) REFERENCES `CLIENTES` (`IdCliente`)
) ENGINE=InnoDB AUTO_INCREMENT=1024 DEFAULT CHARSET=utf8mb4 COLLATE=utf8mb4_0900_ai_ci COMMENT='Esta tabla guarda los pagos y su cantidad';
/*!40101 SET character_set_client = @saved_cs_client */;

--
-- Dumping data for table `PAGOS`
--

LOCK TABLES `PAGOS` WRITE;
/*!40000 ALTER TABLE `PAGOS` DISABLE KEYS */;
INSERT INTO `PAGOS` VALUES (1,'2024-04-12 14:41:14',8425,648),(2,'2024-10-30 19:26:07',8392,498),(3,'2024-03-15 04:18:11',9723,17),(4,'2024-05-06 15:01:25',6080,796),(5,'2024-03-14 20:13:41',8516,42),(6,'2024-06-17 15:53:33',6487,773),(7,'2024-05-21 12:40:01',7347,133),(8,'2024-04-26 12:14:36',8293,412),(9,'2024-10-04 02:53:28',8472,462),(10,'2023-11-06 13:47:21',5287,59),(11,'2024-02-12 13:24:27',6044,174),(12,'2023-09-11 16:51:53',6840,488),(13,'2023-11-29 08:15:00',6065,153),(14,'2024-05-11 04:03:52',7653,223),(15,'2024-04-23 01:49:04',8959,37),(16,'2024-02-22 09:15:07',6449,848),(17,'2023-12-16 23:35:42',8483,254),(18,'2023-12-10 18:57:49',5967,703),(19,'2024-04-10 00:27:18',6313,2),(20,'2024-12-10 10:02:55',8434,358),(21,'2023-09-28 08:58:10',5267,258),(22,'2024-02-10 06:09:33',5409,109),(23,'2024-09-29 14:28:09',6803,108),(24,'2024-02-20 16:55:37',6056,131),(25,'2023-12-16 12:46:31',6806,522),(26,'2024-06-07 09:02:37',5784,675),(27,'2023-09-04 04:41:00',6311,337),(28,'2024-01-17 05:34:21',6514,713),(29,'2024-06-03 01:41:49',9690,560),(30,'2024-05-19 08:51:32',7768,274),(31,'2024-09-22 23:05:52',9228,367),(32,'2024-08-08 04:17:25',8631,802),(33,'2023-11-25 15:33:54',8291,17),(34,'2024-09-07 21:12:10',5697,607),(35,'2024-02-26 10:33:58',6611,384),(36,'2024-11-09 20:55:25',8573,718),(37,'2023-10-24 23:56:24',6846,338),(38,'2024-05-08 07:30:39',7451,500),(39,'2024-06-03 17:44:34',8561,587),(40,'2024-12-12 13:03:59',9155,166),(41,'2024-03-11 18:01:19',5274,316),(42,'2024-05-18 00:47:52',5959,460),(43,'2023-10-07 06:21:34',6209,293),(44,'2024-09-15 02:36:13',7364,10),(45,'2024-07-25 00:55:02',9246,353),(46,'2023-10-29 15:19:43',8095,182),(47,'2023-11-05 12:01:37',5798,833),(48,'2023-08-06 17:05:33',7920,121),(49,'2024-07-07 04:37:41',5122,493),(50,'2023-08-26 01:30:41',6630,53),(51,'2024-10-26 22:48:31',6986,792),(52,'2024-01-09 23:34:27',8122,842),(53,'2023-12-09 04:53:44',8956,50),(54,'2024-02-24 08:17:57',5149,319),(55,'2024-04-28 20:58:27',9307,321),(56,'2024-09-09 07:47:58',6059,590),(57,'2023-07-30 04:35:34',7600,320),(58,'2023-08-24 08:29:49',6643,138),(59,'2024-06-15 19:21:55',5681,400),(60,'2024-04-26 10:57:19',6360,430),(61,'2023-09-22 18:09:25',9316,332),(62,'2023-12-24 03:30:51',9142,41),(63,'2023-10-17 05:55:18',8016,538),(64,'2024-09-01 16:45:39',8160,537),(65,'2023-12-16 16:52:07',6703,784),(66,'2023-08-19 12:52:47',5171,188),(67,'2023-08-02 15:58:09',5048,397),(68,'2024-06-25 16:52:51',7687,398),(69,'2024-06-15 13:43:30',5694,400),(70,'2023-09-01 15:36:29',8862,473),(71,'2023-08-16 17:54:11',5362,665),(72,'2024-06-17 02:06:28',5041,50),(73,'2024-03-28 22:04:47',5046,462),(74,'2023-09-21 13:16:55',8519,845),(75,'2024-10-29 02:57:28',7902,479),(76,'2024-03-30 19:49:35',8961,582),(77,'2024-04-20 07:13:51',6684,310),(78,'2023-07-29 04:22:59',9768,448),(79,'2024-08-07 04:41:55',5637,409),(80,'2024-01-04 21:26:11',9247,372),(81,'2024-04-29 16:06:11',5304,21),(82,'2023-09-11 13:38:40',8008,761),(83,'2023-11-22 22:04:29',5646,199),(84,'2024-05-30 01:07:47',8070,806),(85,'2024-06-16 19:02:34',5171,782),(86,'2024-12-05 23:35:29',5312,298),(87,'2023-11-19 08:58:36',7712,388),(88,'2023-09-10 13:41:39',9760,580),(89,'2023-10-25 20:42:04',5285,345),(90,'2023-10-10 08:49:18',8308,337),(91,'2023-10-15 23:42:20',8642,837),(92,'2024-04-27 21:01:31',6376,775),(93,'2023-12-18 03:37:31',5018,409),(94,'2024-11-14 23:36:17',5835,159),(95,'2024-08-31 01:32:38',7716,488),(96,'2024-10-22 06:32:26',5449,611),(97,'2023-10-28 14:26:35',5918,426),(98,'2024-12-09 23:30:10',7851,799),(99,'2024-01-05 08:21:12',8101,110),(100,'2024-07-02 23:28:01',8979,308),(101,'2023-07-17 19:19:23',9505,452),(102,'2024-01-23 15:54:49',7235,451),(103,'2024-09-16 00:04:21',6552,93),(104,'2024-04-19 20:44:51',9965,132),(105,'2024-01-24 03:02:19',9722,36),(106,'2023-11-21 21:13:34',8686,614),(107,'2024-04-26 16:38:46',7985,731),(108,'2024-01-08 16:57:48',5646,110),(109,'2023-08-30 09:22:46',5233,787),(110,'2024-08-13 19:27:02',7639,837),(111,'2024-08-25 03:54:19',5516,470),(112,'2024-10-24 21:53:30',5385,616),(113,'2024-09-20 19:44:25',6062,61),(114,'2024-01-31 04:44:05',5740,95),(115,'2023-08-11 11:52:43',7454,597),(116,'2023-09-13 19:49:22',8589,820),(117,'2024-07-19 06:29:46',9805,259),(118,'2023-09-06 13:12:00',9329,749),(119,'2023-07-22 16:44:44',8714,264),(120,'2024-02-14 06:08:54',6610,412),(121,'2023-08-04 21:15:32',6591,201),(122,'2024-12-10 14:12:24',7855,498),(123,'2024-01-22 10:12:02',5634,712),(124,'2023-09-28 05:22:47',8074,23),(125,'2023-08-03 10:12:05',8152,738),(126,'2024-09-17 20:28:42',7498,268),(127,'2024-02-26 23:37:03',6688,263),(128,'2024-07-01 04:37:19',8046,805),(129,'2024-05-21 23:51:39',6324,762),(130,'2024-08-02 13:15:15',9082,748),(131,'2024-12-13 20:25:29',5890,115),(132,'2024-02-13 21:48:47',5394,801),(133,'2024-11-14 21:51:58',5042,385),(134,'2024-09-17 20:26:54',9128,381),(135,'2024-06-12 01:44:11',9849,188),(136,'2024-04-01 14:51:42',7184,383),(137,'2024-11-12 11:22:26',8981,343),(138,'2024-08-07 04:04:07',7032,33),(139,'2023-11-17 04:00:42',7514,799),(140,'2024-03-23 13:33:57',9505,132),(141,'2024-12-07 14:08:51',9887,720),(142,'2023-10-06 14:30:38',8472,557),(143,'2024-03-25 18:25:10',9327,165),(144,'2024-04-13 09:15:44',8699,458),(145,'2024-02-03 00:53:09',6760,474),(146,'2024-07-05 18:29:52',5537,651),(147,'2024-10-16 19:01:43',5165,174),(148,'2024-08-16 19:03:39',7221,377),(149,'2024-11-24 03:04:07',7595,274),(150,'2023-09-13 14:40:46',8423,172),(151,'2023-07-21 18:33:31',8871,169),(152,'2024-02-01 01:10:25',7271,279),(153,'2024-05-06 01:30:52',8205,334),(154,'2024-02-17 13:31:56',6246,381),(155,'2024-09-28 08:50:30',6209,193),(156,'2024-02-16 08:44:01',9230,688),(157,'2024-03-03 00:30:52',5122,190),(158,'2023-12-18 13:20:13',9171,808),(159,'2023-10-07 18:30:02',7741,173),(160,'2024-02-14 04:24:59',5265,546),(161,'2024-10-22 18:09:14',8931,433),(162,'2023-12-15 01:30:24',8712,475),(163,'2023-11-19 04:22:29',7111,523),(164,'2023-08-26 18:49:34',6661,106),(165,'2024-02-16 03:53:55',6683,263),(166,'2024-05-26 20:57:44',9480,819),(167,'2023-07-27 20:14:39',6342,137),(168,'2024-07-05 05:15:50',6992,105),(169,'2024-01-24 03:52:12',9698,384),(170,'2024-05-13 14:58:14',5770,472),(171,'2024-12-09 01:58:56',9089,270),(172,'2023-12-29 12:14:03',5899,30),(173,'2024-07-03 02:11:20',7169,480),(174,'2023-10-30 12:06:28',5481,581),(175,'2023-08-13 06:25:34',9569,761),(176,'2024-01-31 00:24:59',5330,24),(177,'2023-11-17 01:29:32',9990,246),(178,'2023-12-14 05:13:43',5537,97),(179,'2023-10-27 05:38:44',5565,195),(180,'2024-07-29 15:57:44',9859,195),(181,'2024-08-29 14:24:02',8090,439),(182,'2024-01-02 04:38:36',7765,39),(183,'2023-10-29 23:06:38',7156,664),(184,'2024-08-28 06:23:26',9393,569),(185,'2023-08-15 08:55:30',7248,769),(186,'2023-08-27 23:31:40',6302,806),(187,'2024-09-25 23:54:44',8332,402),(188,'2024-02-07 00:08:43',6703,809),(189,'2023-11-26 09:50:58',6748,597),(190,'2024-11-23 09:35:28',7161,312),(191,'2023-11-10 11:29:12',9974,636),(192,'2023-12-17 13:38:50',7918,329),(193,'2024-01-17 16:48:01',6340,344),(194,'2023-12-21 04:08:45',7724,127),(195,'2023-10-31 10:22:23',6683,121),(196,'2023-11-15 07:08:58',6119,258),(197,'2024-07-21 15:17:20',9989,607),(198,'2024-12-03 07:44:28',6424,727),(199,'2024-02-09 21:08:52',6907,500),(200,'2024-05-12 15:15:12',9194,187),(201,'2023-07-27 18:10:36',8224,544),(202,'2024-04-09 20:40:43',5655,128),(203,'2023-11-29 07:07:45',6032,281),(204,'2024-11-10 11:29:01',5424,795),(205,'2024-12-06 21:59:12',5823,758),(206,'2024-01-28 07:50:24',7011,235),(207,'2024-06-08 05:53:09',8012,696),(208,'2024-11-06 20:40:38',7718,646),(209,'2024-12-20 15:34:50',7499,769),(210,'2023-10-26 02:00:19',5794,712),(211,'2024-05-20 11:56:20',6061,744),(212,'2024-09-22 21:18:20',7666,64),(213,'2023-07-24 13:33:11',5165,838),(214,'2024-09-18 04:40:32',6893,599),(215,'2024-08-28 18:52:53',6326,345),(216,'2023-10-18 06:12:40',9597,174),(217,'2023-07-26 02:16:26',5047,394),(218,'2023-07-30 15:45:02',7710,590),(219,'2024-08-24 23:13:46',7206,771),(220,'2024-06-30 02:03:10',8233,798),(221,'2024-07-08 15:52:08',7262,637),(222,'2024-04-01 03:13:32',6485,646),(223,'2024-05-03 08:51:25',8944,593),(224,'2023-07-29 12:56:21',9251,198),(225,'2023-08-09 21:41:02',9783,84),(226,'2023-09-20 04:34:24',7547,30),(227,'2024-03-04 23:37:39',5091,664),(228,'2024-04-03 18:01:45',8473,770),(229,'2023-12-01 02:54:53',8823,101),(230,'2024-11-22 14:03:57',6685,804),(231,'2024-11-09 01:24:24',5943,64),(232,'2023-11-08 03:05:46',5042,350),(233,'2024-06-26 10:33:10',9141,608),(234,'2024-04-16 12:24:55',6791,378),(235,'2023-08-03 10:55:19',6564,423),(236,'2023-09-11 03:06:54',5897,584),(237,'2024-01-29 15:57:40',8460,662),(238,'2024-03-11 02:14:31',5937,440),(239,'2024-02-09 20:56:55',6630,697),(240,'2024-05-20 08:28:19',9344,595),(241,'2024-08-19 04:34:24',6726,294),(242,'2024-01-24 06:33:00',7176,286),(243,'2023-09-11 13:12:57',8658,102),(244,'2024-04-15 04:48:42',7883,602),(245,'2023-11-15 13:11:39',5175,660),(246,'2024-05-07 11:25:07',9424,405),(247,'2024-03-31 22:44:58',5789,386),(248,'2024-06-08 19:56:07',6425,100),(249,'2024-10-21 16:46:26',7413,631),(250,'2024-11-14 15:16:03',8423,850),(251,'2024-07-31 08:17:51',6622,239),(252,'2024-07-05 05:27:24',8902,555),(253,'2024-10-22 09:01:56',6659,114),(254,'2024-09-16 17:47:55',7103,321),(255,'2023-09-18 08:49:12',5800,125),(256,'2024-01-12 11:23:12',5077,651),(257,'2023-08-06 07:13:53',7948,88),(258,'2024-08-21 11:44:25',8065,822),(259,'2023-11-22 22:02:36',7649,68),(260,'2023-09-04 03:23:22',6917,359),(261,'2024-03-26 17:30:39',8132,287),(262,'2024-06-24 06:35:26',9472,575),(263,'2024-03-08 06:54:59',8556,572),(264,'2024-11-20 09:52:05',5116,630),(265,'2024-11-12 01:02:54',6931,454),(266,'2024-07-21 15:49:45',5938,220),(267,'2023-10-14 02:21:14',9370,599),(268,'2024-08-27 17:58:21',9220,245),(269,'2023-07-19 17:51:47',8382,360),(270,'2023-10-08 22:18:38',6178,82),(271,'2024-08-27 11:19:45',6203,10),(272,'2024-07-10 02:31:42',6168,130),(273,'2024-06-28 02:26:22',7363,26),(274,'2023-09-03 17:09:33',5772,775),(275,'2024-05-14 19:14:08',8971,712),(276,'2024-06-27 02:50:23',6568,315),(277,'2024-06-09 11:48:20',6167,7),(278,'2023-11-29 23:56:49',5772,803),(279,'2024-03-17 13:00:46',8264,432),(280,'2023-11-06 21:01:17',6898,524),(281,'2023-11-26 08:40:34',6173,490),(282,'2024-03-26 18:54:16',9220,408),(283,'2024-11-22 00:05:07',9530,506),(284,'2024-05-07 13:49:31',5600,763),(285,'2024-11-17 11:01:40',9067,799),(286,'2024-08-09 19:11:12',9810,607),(287,'2023-10-12 07:52:11',9066,150),(288,'2023-07-11 01:22:01',6479,804),(289,'2024-09-10 15:00:55',6793,188),(290,'2024-03-05 21:03:49',7299,152),(291,'2024-12-05 19:34:14',5497,421),(292,'2024-05-14 00:39:04',9213,354),(293,'2023-10-25 02:55:29',5073,484),(294,'2023-11-14 19:57:11',9851,393),(295,'2023-07-15 15:49:30',8307,93),(296,'2024-06-03 03:33:06',7475,527),(297,'2023-09-17 03:11:24',6097,525),(298,'2024-03-29 15:28:21',9208,6),(299,'2024-09-09 21:07:49',9172,154),(300,'2023-07-12 08:17:19',8511,473),(301,'2024-08-22 01:08:40',9127,723),(302,'2023-12-10 15:27:34',7839,460),(303,'2023-11-04 01:30:37',8262,304),(304,'2024-06-13 17:06:28',7055,249),(305,'2024-03-14 02:54:29',7286,156),(306,'2024-10-21 09:10:00',5060,398),(307,'2024-11-08 00:52:18',9784,562),(308,'2023-12-12 14:41:03',7501,833),(309,'2024-03-24 04:58:08',9780,693),(310,'2023-10-10 02:54:33',5682,447),(311,'2024-08-22 14:30:46',6705,513),(312,'2023-07-17 09:11:40',5308,321),(313,'2023-11-27 20:15:03',8115,761),(314,'2023-08-31 04:57:48',8529,217),(315,'2024-05-03 08:12:46',6318,592),(316,'2024-11-24 20:36:53',7075,739),(317,'2024-06-25 01:35:05',6596,656),(318,'2024-06-20 14:04:56',9218,735),(319,'2024-11-07 16:50:27',9965,305),(320,'2024-08-06 03:03:00',5534,527),(321,'2024-04-09 12:33:53',9088,24),(322,'2023-07-30 03:13:46',6908,714),(323,'2024-05-19 16:58:06',9836,596),(324,'2024-03-13 16:41:49',6718,86),(325,'2024-09-10 11:54:33',7834,315),(326,'2024-07-21 01:18:57',9924,171),(327,'2024-12-17 13:55:31',7631,324),(328,'2024-12-03 00:49:59',7413,535),(329,'2024-01-27 06:37:33',6842,265),(330,'2024-09-21 23:54:03',7866,593),(331,'2023-08-02 21:15:04',7093,798),(332,'2024-09-25 16:13:08',9608,361),(333,'2024-06-16 17:34:44',9800,53),(334,'2023-10-26 11:06:01',5349,20),(335,'2024-03-27 08:26:20',7300,23),(336,'2023-07-06 17:43:26',7929,197),(337,'2024-12-08 18:03:28',7275,746),(338,'2023-10-10 10:38:16',9562,518),(339,'2024-07-24 01:34:10',8149,783),(340,'2024-11-01 17:21:15',8703,807),(341,'2024-07-25 16:27:47',8373,596),(342,'2024-08-26 04:59:17',9568,724),(343,'2024-12-21 21:25:48',5565,100),(344,'2024-01-17 23:16:54',9710,464),(345,'2023-12-25 09:46:22',5018,635),(346,'2024-02-08 12:11:00',5775,104),(347,'2024-01-25 03:41:16',8357,264),(348,'2024-11-26 10:07:06',9102,568),(349,'2024-07-08 00:35:02',5468,455),(350,'2024-10-17 11:01:17',7318,369),(351,'2024-11-07 14:13:26',8297,418),(352,'2024-07-25 14:37:24',5421,813),(353,'2024-08-13 14:02:06',8034,669),(354,'2024-09-17 16:58:32',5463,695),(355,'2024-04-07 07:48:07',5016,293),(356,'2024-12-17 19:46:08',6876,143),(357,'2024-08-11 02:36:44',9750,154),(358,'2024-08-25 20:11:35',7030,380),(359,'2024-06-25 06:23:56',8819,418),(360,'2023-12-02 09:52:23',8613,666),(361,'2024-11-09 23:56:39',8399,4),(362,'2023-08-31 18:00:34',8347,153),(363,'2024-01-27 21:21:09',6729,323),(364,'2024-09-18 13:10:36',9291,523),(365,'2024-08-27 16:27:09',9662,690),(366,'2023-11-05 20:41:30',6248,551),(367,'2024-12-09 10:09:44',6799,440),(368,'2024-06-14 11:19:21',7062,574),(369,'2023-12-08 09:13:19',5143,7),(370,'2024-02-13 18:17:27',6529,564),(371,'2024-03-01 05:26:11',5414,56),(372,'2024-12-05 13:52:14',6021,530),(373,'2023-09-25 01:01:01',5235,15),(374,'2024-05-05 04:22:46',5692,803),(375,'2024-09-17 12:09:35',9899,150),(376,'2024-11-14 17:30:40',6356,524),(377,'2024-07-31 18:03:25',8424,849),(378,'2024-10-26 18:49:51',5548,379),(379,'2024-12-03 04:26:07',8522,731),(380,'2024-03-08 22:59:12',7302,293),(381,'2024-01-29 18:20:25',9208,372),(382,'2023-07-28 03:45:25',9990,325),(383,'2023-08-10 03:51:47',6197,332),(384,'2024-07-05 21:02:33',5428,815),(385,'2024-12-07 08:26:15',8850,305),(386,'2024-12-19 16:15:36',6325,346),(387,'2023-11-23 00:05:23',6134,710),(388,'2023-12-20 22:30:22',6559,39),(389,'2024-06-26 08:27:59',5468,713),(390,'2024-03-20 17:26:16',5422,210),(391,'2023-11-08 10:50:38',6283,81),(392,'2024-05-23 14:58:46',5276,194),(393,'2024-12-01 16:50:55',5742,487),(394,'2024-08-28 01:10:24',7354,347),(395,'2023-09-27 03:27:24',5108,513),(396,'2024-04-01 13:56:55',7633,374),(397,'2023-08-15 14:19:55',8962,645),(398,'2023-09-26 17:12:31',8347,824),(399,'2024-08-10 09:43:01',6981,613),(400,'2024-07-26 06:36:04',8046,348),(401,'2023-11-18 11:16:02',7385,360),(402,'2023-07-24 01:24:30',6834,333),(403,'2024-07-29 10:28:22',9222,562),(404,'2024-04-28 00:18:06',5476,704),(405,'2023-09-20 15:12:06',5286,629),(406,'2024-01-18 03:14:29',6263,584),(407,'2024-01-11 06:10:43',5028,392),(408,'2023-07-31 03:49:26',5779,837),(409,'2024-02-14 19:11:14',6833,607),(410,'2023-09-16 20:15:12',8390,334),(411,'2024-07-09 06:30:20',7393,45),(412,'2024-11-03 08:55:02',8963,194),(413,'2023-11-06 11:10:45',9469,14),(414,'2024-07-24 18:43:11',8199,633),(415,'2024-06-05 19:54:17',9296,387),(416,'2023-10-10 06:48:10',8306,313),(417,'2024-06-21 02:13:12',9153,293),(418,'2023-11-22 03:42:34',9117,170),(419,'2024-09-14 04:47:13',6052,644),(420,'2023-08-30 17:11:11',8406,429),(421,'2024-10-21 15:27:55',9992,47),(422,'2024-02-04 10:53:31',8335,534),(423,'2024-07-11 03:05:21',9259,65),(424,'2024-03-31 12:26:15',6634,51),(425,'2024-09-16 13:04:34',6507,258),(426,'2023-12-19 19:28:45',7570,162),(427,'2023-08-27 15:56:37',5633,729),(428,'2023-11-15 00:16:35',7515,438),(429,'2024-08-26 17:13:48',8245,6),(430,'2024-04-08 09:21:47',9476,736),(431,'2024-03-13 04:56:50',8912,551),(432,'2023-10-08 14:27:22',7425,265),(433,'2024-03-30 19:57:17',6511,757),(434,'2024-10-30 03:27:18',6902,726),(435,'2024-07-04 02:17:40',5819,805),(436,'2024-04-20 03:53:37',6144,276),(437,'2024-01-28 11:10:27',9022,278),(438,'2024-12-18 02:55:21',8660,289),(439,'2024-08-09 12:11:48',9650,474),(440,'2024-07-08 05:34:47',7082,182),(441,'2024-12-10 13:33:47',8579,413),(442,'2023-08-17 08:44:08',8839,599),(443,'2024-10-08 17:16:00',9182,41),(444,'2024-05-05 23:41:09',8094,37),(445,'2023-09-03 23:36:55',8472,285),(446,'2024-10-18 21:28:04',6146,799),(447,'2024-07-09 11:58:21',8694,286),(448,'2024-02-08 02:06:37',5549,221),(449,'2024-05-03 22:48:28',6451,667),(450,'2023-08-12 02:33:28',9337,250),(451,'2024-12-13 09:37:01',7654,611),(452,'2023-08-30 05:39:43',7335,213),(453,'2024-06-30 07:12:12',7676,247),(454,'2024-11-23 06:28:56',9794,33),(455,'2024-07-24 22:12:33',8685,118),(456,'2024-09-23 05:53:37',9826,164),(457,'2024-05-17 14:33:35',8445,286),(458,'2024-08-19 09:01:51',9825,837),(459,'2024-05-04 21:32:21',7940,62),(460,'2024-06-06 14:48:11',7290,107),(461,'2024-02-20 04:41:50',8308,380),(462,'2024-06-28 13:08:57',9787,504),(463,'2024-11-11 05:51:02',5724,656),(464,'2023-12-30 02:33:57',5048,97),(465,'2024-01-07 17:35:49',9590,67),(466,'2023-10-26 13:12:39',6560,675),(467,'2023-12-25 20:57:22',7124,846),(468,'2023-12-31 02:33:35',5822,678),(469,'2024-03-01 19:36:44',5903,552),(470,'2024-03-25 08:39:13',8399,583),(471,'2024-07-19 02:01:21',8009,643),(472,'2024-07-28 13:02:45',9347,230),(473,'2024-09-19 20:08:03',7466,472),(474,'2024-07-31 18:08:26',7026,134),(475,'2024-11-11 05:41:32',6154,584),(476,'2024-09-13 09:59:02',8272,621),(477,'2024-10-18 08:55:32',5026,462),(478,'2024-08-31 20:10:45',7763,176),(479,'2023-11-21 05:51:08',9687,221),(480,'2024-02-18 22:08:39',5679,608),(481,'2023-10-12 21:34:36',5800,242),(482,'2024-04-14 02:05:54',6466,158),(483,'2024-07-30 21:57:36',6209,615),(484,'2024-05-17 02:25:33',6194,406),(485,'2024-01-02 22:34:08',5594,598),(486,'2024-03-29 06:07:46',7600,366),(487,'2023-12-22 22:31:30',8208,505),(488,'2024-05-04 22:08:39',8997,486),(489,'2023-09-19 18:32:26',8598,230),(490,'2023-09-29 16:25:31',7280,574),(491,'2024-01-23 07:07:01',7581,231),(492,'2024-08-31 02:35:07',6222,103),(493,'2024-03-14 07:29:49',6990,690),(494,'2024-01-30 16:12:35',7407,538),(495,'2024-02-16 17:07:04',7129,317),(496,'2024-12-11 20:04:41',5223,541),(497,'2023-07-12 11:25:05',7530,99),(498,'2024-01-04 09:34:14',5558,160),(499,'2024-10-05 18:11:07',6467,38),(500,'2024-04-11 21:54:07',9815,717),(501,'2024-03-17 05:05:13',5740,157),(502,'2024-03-27 03:13:51',6771,774),(503,'2024-03-18 22:25:46',7692,774),(504,'2024-10-27 23:20:08',8315,563),(505,'2024-03-23 17:28:01',6571,468),(506,'2024-12-05 03:22:23',9760,820),(507,'2024-11-17 22:43:19',7670,404),(508,'2024-11-23 21:19:06',5736,534),(509,'2024-08-11 12:17:59',8506,16),(510,'2024-05-24 13:42:34',9144,690),(511,'2023-09-12 15:45:36',7472,47),(512,'2023-10-24 17:27:13',6333,389),(513,'2024-03-23 11:07:47',5476,345),(514,'2023-07-11 11:20:03',7090,177),(515,'2023-09-30 00:31:50',6856,197),(516,'2024-12-03 20:37:54',5663,50),(517,'2023-10-12 00:48:47',8335,579),(518,'2023-12-12 03:03:14',6520,746),(519,'2023-11-08 04:17:01',6101,85),(520,'2024-11-21 07:56:12',5593,29),(521,'2024-12-12 21:14:00',5136,651),(522,'2024-12-14 09:15:15',6414,746),(523,'2023-08-10 05:00:13',9371,239),(524,'2024-08-27 05:54:45',6037,192),(525,'2023-12-13 23:13:53',8558,462),(526,'2024-06-27 07:20:46',6262,38),(527,'2024-11-18 05:05:03',9620,610),(528,'2024-09-07 19:34:37',5511,615),(529,'2024-01-09 08:36:40',6674,398),(530,'2024-07-29 00:04:31',6874,159),(531,'2024-08-26 08:17:29',6168,175),(532,'2024-10-17 22:46:26',7610,806),(533,'2023-10-17 12:43:01',5676,298),(534,'2024-01-29 05:42:06',7127,760),(535,'2024-06-18 15:10:59',8060,84),(536,'2024-12-15 10:33:26',8095,777),(537,'2023-12-26 04:54:51',9432,164),(538,'2024-08-12 04:48:41',6369,151),(539,'2024-07-01 18:14:57',7536,828),(540,'2023-11-28 09:45:33',9012,612),(541,'2024-06-11 11:00:02',5594,149),(542,'2023-09-17 13:52:16',6871,100),(543,'2023-08-02 13:08:19',9071,277),(544,'2023-08-28 08:44:21',6549,73),(545,'2024-12-11 12:53:06',6601,409),(546,'2024-11-02 12:02:44',6534,174),(547,'2024-06-19 09:37:24',8903,620),(548,'2023-10-11 20:36:19',7365,800),(549,'2024-05-05 12:53:55',5953,710),(550,'2023-07-08 09:33:32',6235,405),(551,'2023-07-29 13:38:06',6748,229),(552,'2023-12-10 01:25:01',9643,260),(553,'2024-09-06 05:56:53',6608,149),(554,'2024-07-26 16:51:32',5956,773),(555,'2024-03-21 09:59:49',7869,48),(556,'2024-11-02 03:09:13',9528,577),(557,'2024-07-18 14:05:39',5452,305),(558,'2023-08-01 22:01:04',5854,145),(559,'2024-08-19 16:56:52',7743,689),(560,'2024-05-16 20:06:46',8401,494),(561,'2024-08-25 22:39:42',6724,77),(562,'2023-12-11 02:18:13',7524,632),(563,'2024-01-29 16:59:51',6502,662),(564,'2023-08-14 05:06:21',9007,270),(565,'2024-03-08 16:56:54',9254,727),(566,'2023-11-30 07:50:41',9831,720),(567,'2024-01-13 16:53:39',7661,360),(568,'2023-11-20 19:50:19',6163,697),(569,'2024-08-15 12:05:38',7725,523),(570,'2024-06-30 11:23:01',6959,202),(571,'2024-07-05 14:40:12',5815,263),(572,'2024-08-04 18:08:31',8894,121),(573,'2024-01-26 07:18:29',5883,306),(574,'2024-01-15 02:52:49',6927,313),(575,'2024-10-26 07:53:21',6590,134),(576,'2024-04-11 16:35:41',6169,185),(577,'2024-07-28 02:30:38',5981,189),(578,'2024-11-17 17:47:57',9902,54),(579,'2024-10-27 23:17:36',5299,767),(580,'2024-02-06 21:54:01',6599,716),(581,'2024-02-09 01:30:20',8596,25),(582,'2024-09-29 10:29:03',8692,76),(583,'2023-10-26 09:12:46',6338,486),(584,'2023-07-16 11:26:07',5180,328),(585,'2023-11-07 12:33:37',5030,154),(586,'2024-08-04 19:42:59',7323,5),(587,'2024-08-01 00:49:14',5902,466),(588,'2023-11-17 20:14:55',9437,170),(589,'2023-08-08 20:02:50',9510,399),(590,'2023-10-22 16:17:03',7212,328),(591,'2023-08-30 10:56:17',8047,120),(592,'2024-01-19 19:13:08',5981,701),(593,'2024-11-19 13:03:36',8369,559),(594,'2023-11-17 02:20:28',9826,423),(595,'2024-04-10 03:40:43',9083,673),(596,'2024-06-05 04:15:34',6063,353),(597,'2024-07-28 16:22:41',8864,3),(598,'2024-06-01 00:57:28',9229,796),(599,'2023-09-30 17:20:29',5947,439),(600,'2024-07-30 09:44:09',8066,501),(601,'2024-01-10 23:25:01',6502,299),(602,'2024-08-08 10:22:55',5424,464),(603,'2023-12-08 06:47:36',7623,800),(604,'2023-08-04 15:40:39',8631,552),(605,'2024-04-23 18:38:13',6938,803),(606,'2023-07-13 03:04:19',8551,788),(607,'2023-10-12 15:44:10',8733,459),(608,'2024-09-07 17:52:30',5782,541),(609,'2024-02-15 01:15:39',6185,244),(610,'2024-04-16 03:35:04',7203,87),(611,'2024-10-15 02:15:16',9757,473),(612,'2023-12-04 07:07:04',9861,46),(613,'2024-08-28 04:37:17',9054,256),(614,'2024-08-19 21:22:42',9014,705),(615,'2024-11-15 00:13:20',6448,504),(616,'2024-04-24 14:30:11',6500,76),(617,'2024-08-31 16:01:05',9362,322),(618,'2024-12-21 22:03:07',8254,712),(619,'2023-07-15 09:15:40',6963,345),(620,'2023-11-17 02:47:11',7490,321),(621,'2023-07-14 19:53:24',5325,573),(622,'2024-08-31 00:09:18',6333,534),(623,'2024-12-18 19:02:14',5366,640),(624,'2024-05-19 01:56:31',8373,771),(625,'2023-08-24 16:01:49',7499,343),(626,'2024-08-01 07:19:05',9184,776),(627,'2024-12-03 11:23:57',7339,610),(628,'2023-08-06 02:09:27',7417,20),(629,'2024-01-11 19:55:59',8060,19),(630,'2024-11-29 06:30:32',6753,818),(631,'2024-01-08 18:45:45',5909,217),(632,'2024-06-08 04:31:13',8294,282),(633,'2024-02-09 18:50:39',8212,585),(634,'2024-07-23 02:59:28',8498,417),(635,'2024-09-13 14:40:02',8686,471),(636,'2024-07-06 17:33:14',8114,651),(637,'2023-08-06 09:44:24',6492,53),(638,'2023-10-07 17:57:21',8213,568),(639,'2024-04-29 10:56:41',6157,621),(640,'2024-06-09 20:32:19',9874,480),(641,'2024-11-01 01:14:16',6894,601),(642,'2024-01-16 00:46:25',5454,325),(643,'2024-05-07 22:07:28',9454,738),(644,'2024-03-03 01:59:40',5429,313),(645,'2023-08-01 08:55:38',7160,422),(646,'2024-06-04 18:10:00',5705,480),(647,'2024-03-18 01:55:21',6695,29),(648,'2024-06-03 08:23:36',6307,264),(649,'2024-09-30 08:23:31',6927,29),(650,'2024-10-12 22:58:32',8200,815),(651,'2024-10-18 08:06:36',7147,484),(652,'2024-11-20 08:32:17',5196,186),(653,'2024-10-24 10:09:05',6288,745),(654,'2024-11-15 23:04:30',5185,220),(655,'2023-08-28 01:04:42',6080,142),(656,'2024-03-13 12:41:59',7543,581),(657,'2023-12-26 10:19:59',7668,167),(658,'2024-08-19 07:00:19',6360,610),(659,'2024-02-13 23:16:24',7253,176),(660,'2023-08-27 23:46:27',8623,207),(661,'2024-10-02 05:04:14',6361,713),(662,'2024-12-02 07:41:48',6405,416),(663,'2023-12-22 21:29:20',5368,635),(664,'2024-10-29 06:36:31',6903,644),(665,'2024-07-18 23:22:20',7750,339),(666,'2024-08-04 13:26:49',7653,832),(667,'2024-08-06 10:22:50',8373,713),(668,'2024-01-27 12:53:56',9240,71),(669,'2023-09-06 02:13:03',7734,606),(670,'2024-03-02 10:31:08',5127,425),(671,'2024-08-22 19:18:13',8263,34),(672,'2024-09-26 10:19:00',6774,336),(673,'2024-11-08 04:48:01',8851,134),(674,'2023-08-10 02:13:04',8987,741),(675,'2023-07-10 20:20:40',7839,760),(676,'2024-05-14 18:33:27',5838,415),(677,'2023-11-28 13:30:10',5958,288),(678,'2024-01-31 23:19:10',7452,427),(679,'2023-11-25 02:10:38',7640,104),(680,'2023-12-13 18:15:05',8146,39),(681,'2023-07-27 05:07:05',6138,11),(682,'2023-10-26 09:03:50',6790,374),(683,'2023-08-30 23:41:12',5192,739),(684,'2024-12-05 03:26:44',7130,684),(685,'2024-09-02 00:57:15',5871,98),(686,'2024-09-11 16:22:54',9355,765),(687,'2023-10-23 01:01:53',7834,770),(688,'2023-08-10 23:30:53',8255,441),(689,'2023-07-25 23:06:40',6628,671),(690,'2024-04-07 04:08:04',6792,383),(691,'2024-07-03 16:38:28',7283,511),(692,'2024-05-11 23:25:28',7343,9),(693,'2023-10-03 14:58:35',8921,351),(694,'2024-01-05 05:50:37',5711,10),(695,'2024-12-01 13:25:34',8985,614),(696,'2024-06-03 23:53:44',6017,323),(697,'2024-08-24 08:03:39',5820,847),(698,'2024-10-13 02:45:04',5800,492),(699,'2023-08-26 20:51:30',9809,56),(700,'2024-07-08 16:54:05',9080,702),(701,'2023-08-01 12:47:49',8996,58),(702,'2024-12-24 17:54:34',5412,533),(703,'2024-04-14 20:09:13',8934,160),(704,'2024-08-01 08:06:22',5620,747),(705,'2024-05-08 07:04:36',6715,519),(706,'2023-07-26 06:13:08',5420,8),(707,'2024-11-11 23:59:06',9326,175),(708,'2023-11-29 18:57:35',6900,562),(709,'2024-03-08 23:25:56',6444,293),(710,'2024-12-14 16:25:59',5742,750),(711,'2024-10-20 11:13:54',7703,725),(712,'2023-12-18 13:32:40',7908,394),(713,'2023-08-18 11:16:39',5418,400),(714,'2024-08-21 15:06:35',9725,307),(715,'2024-01-12 09:55:09',9533,540),(716,'2024-09-01 02:34:45',8510,847),(717,'2024-06-07 07:43:53',7240,118),(718,'2023-12-02 00:15:48',8736,787),(719,'2023-07-24 06:07:49',5269,18),(720,'2024-11-12 20:38:51',6392,707),(721,'2024-06-23 13:50:01',6378,676),(722,'2024-03-01 06:08:42',9466,738),(723,'2024-03-05 00:05:14',9601,341),(724,'2024-06-16 18:51:51',6098,247),(725,'2023-12-11 19:17:00',7949,488),(726,'2024-10-28 09:23:37',7694,308),(727,'2024-07-31 12:36:39',8132,410),(728,'2023-12-18 05:40:06',6415,594),(729,'2024-11-23 13:03:23',9329,231),(730,'2023-09-13 08:31:46',8831,772),(731,'2024-02-09 00:47:34',5534,520),(732,'2024-03-18 12:56:43',5867,2),(733,'2023-11-02 10:31:10',7541,543),(734,'2023-09-07 08:29:50',6384,828),(735,'2023-10-08 19:12:16',6637,460),(736,'2024-11-30 09:42:54',9645,394),(737,'2024-08-03 14:25:20',6224,303),(738,'2023-11-07 04:23:30',9356,334),(739,'2024-08-09 18:24:10',6578,839),(740,'2024-06-05 06:02:08',9762,130),(741,'2024-04-12 00:18:22',8890,254),(742,'2024-03-25 23:27:59',5472,513),(743,'2024-06-10 03:24:42',8531,499),(744,'2023-11-11 14:01:42',8730,477),(745,'2024-05-10 23:57:00',9714,487),(746,'2023-07-09 04:26:14',7683,22),(747,'2023-11-01 12:07:13',7819,670),(748,'2024-04-24 03:43:00',5237,299),(749,'2023-08-19 11:44:30',6474,522),(750,'2024-05-26 11:49:09',9584,505),(751,'2023-11-20 16:36:35',8125,330),(752,'2024-06-07 00:24:35',8676,341),(753,'2024-12-02 10:25:39',6595,838),(754,'2024-01-01 10:26:46',6576,263),(755,'2024-02-13 09:46:42',5946,357),(756,'2023-10-13 17:59:28',6976,430),(757,'2023-08-20 18:10:57',7666,601),(758,'2024-01-21 05:29:30',9552,157),(759,'2023-10-02 23:44:41',9479,773),(760,'2023-12-28 13:58:58',9636,441),(761,'2024-06-16 20:06:08',9360,359),(762,'2023-08-05 03:40:40',6623,789),(763,'2023-10-19 14:34:05',8851,382),(764,'2023-12-14 19:39:44',5381,799),(765,'2024-06-19 12:49:51',5280,325),(766,'2023-07-09 13:46:47',5872,513),(767,'2024-06-03 20:10:04',7952,545),(768,'2024-07-17 22:57:43',5917,453),(769,'2023-12-23 09:43:09',6451,263),(770,'2024-01-09 23:43:48',8207,514),(771,'2024-05-03 15:48:52',6133,515),(772,'2024-11-06 01:52:15',9878,416),(773,'2023-09-20 17:58:33',7832,659),(774,'2024-08-14 22:46:16',9238,253),(775,'2024-12-02 20:44:00',9933,399),(776,'2024-07-05 01:32:03',9113,24),(777,'2024-11-17 18:14:53',6476,582),(778,'2023-07-28 17:49:20',9562,282),(779,'2023-07-14 16:52:19',8166,697),(780,'2024-05-31 08:09:12',9492,319),(781,'2023-09-26 02:45:06',6073,55),(782,'2024-03-18 20:50:25',6422,795),(783,'2024-03-31 20:55:02',9061,7),(784,'2024-08-16 11:06:49',6791,825),(785,'2024-01-26 00:03:33',9656,493),(786,'2023-09-06 07:41:30',7427,718),(787,'2023-10-05 00:43:14',6214,479),(788,'2024-11-14 16:27:12',5227,297),(789,'2024-02-29 00:21:07',9328,575),(790,'2024-09-11 13:33:26',5103,693),(791,'2024-08-26 08:15:50',7397,171),(792,'2024-09-15 22:18:55',8570,112),(793,'2024-09-11 00:42:17',5981,324),(794,'2024-01-28 21:47:59',8898,477),(795,'2023-10-04 14:23:13',7651,475),(796,'2024-06-17 10:22:30',6928,840),(797,'2024-06-13 22:29:12',8047,704),(798,'2024-03-29 16:33:09',8263,528),(799,'2023-07-12 12:52:54',8635,622),(800,'2024-12-21 12:34:43',7395,627),(801,'2023-08-01 12:26:00',7339,338),(802,'2024-05-31 17:55:28',8679,377),(803,'2024-02-29 17:44:32',5077,472),(804,'2024-09-11 01:10:48',8996,665),(805,'2023-09-03 16:40:13',8812,747),(806,'2024-09-25 08:08:49',5107,642),(807,'2023-09-10 06:50:04',6483,349),(808,'2024-02-13 00:35:47',8551,346),(809,'2024-04-27 20:27:13',8201,117),(810,'2024-07-07 00:29:49',8249,496),(811,'2024-07-02 20:36:50',5308,419),(812,'2023-08-16 20:46:14',6640,342),(813,'2024-09-04 03:10:30',7902,225),(814,'2024-10-09 13:40:33',6793,768),(815,'2023-08-02 00:15:35',6342,463),(816,'2024-05-02 22:43:47',5269,359),(817,'2024-09-03 05:23:08',8047,659),(818,'2024-02-17 18:04:45',6802,515),(819,'2023-10-12 04:41:13',9171,728),(820,'2023-11-20 21:48:18',6133,14),(821,'2023-07-07 01:38:02',7547,722),(822,'2024-04-03 06:41:46',9259,95),(823,'2024-06-12 08:54:45',8703,25),(824,'2024-06-23 15:00:38',6276,150),(825,'2024-03-02 18:02:52',7489,403),(826,'2023-09-27 13:32:15',9441,117),(827,'2024-04-05 10:00:10',9898,246),(828,'2024-01-12 09:51:55',7678,719),(829,'2024-05-06 15:07:22',8014,586),(830,'2024-06-16 14:20:04',8199,830),(831,'2023-08-22 06:44:33',6427,13),(832,'2023-12-12 19:07:48',7688,755),(833,'2024-12-15 23:39:26',5944,476),(834,'2024-07-01 08:04:19',5419,801),(835,'2024-01-15 20:36:57',9611,133),(836,'2023-08-09 13:06:06',5493,375),(837,'2024-11-23 21:45:54',7309,846),(838,'2023-09-01 20:09:02',6301,816),(839,'2024-07-18 10:36:12',7152,573),(840,'2024-02-27 23:19:23',6260,568),(841,'2024-11-15 16:56:49',9017,369),(842,'2023-10-14 17:31:35',8557,432),(843,'2023-08-30 03:11:52',9897,471),(844,'2023-08-23 23:36:36',8787,294),(845,'2024-05-17 18:28:58',8590,260),(846,'2024-01-14 23:21:47',6695,157),(847,'2024-10-29 01:12:19',9649,806),(848,'2023-12-17 06:50:32',7047,707),(849,'2023-07-15 08:10:27',5350,549),(850,'2024-03-26 14:58:42',9790,121);
/*!40000 ALTER TABLE `PAGOS` ENABLE KEYS */;
UNLOCK TABLES;
/*!50003 SET @saved_cs_client      = @@character_set_client */ ;
/*!50003 SET @saved_cs_results     = @@character_set_results */ ;
/*!50003 SET @saved_col_connection = @@collation_connection */ ;
/*!50003 SET character_set_client  = latin1 */ ;
/*!50003 SET character_set_results = latin1 */ ;
/*!50003 SET collation_connection  = latin1_swedish_ci */ ;
/*!50003 SET @saved_sql_mode       = @@sql_mode */ ;
/*!50003 SET sql_mode              = 'ONLY_FULL_GROUP_BY,STRICT_TRANS_TABLES,NO_ZERO_IN_DATE,NO_ZERO_DATE,ERROR_FOR_DIVISION_BY_ZERO,NO_ENGINE_SUBSTITUTION' */ ;
DELIMITER ;;
/*!50003 CREATE*/ /*!50017 DEFINER=`root`@`localhost`*/ /*!50003 TRIGGER `after_insert_pagos` AFTER INSERT ON `PAGOS` FOR EACH ROW BEGIN
    INSERT INTO AuditoriaPagos (
        IdPago, 
        CantidadPagoNuevo, 
        FechaPagoNuevo, 
        IdCliente, 
        Accion, 
        FechaAccion
    )
    VALUES (
        NEW.IdPago, 
        NEW.CantidadPago, 
        NEW.FechaPago, 
        NEW.IdCliente, 
        'Insercin de Pago', 
        NOW()
    );
END */;;
DELIMITER ;
/*!50003 SET sql_mode              = @saved_sql_mode */ ;
/*!50003 SET character_set_client  = @saved_cs_client */ ;
/*!50003 SET character_set_results = @saved_cs_results */ ;
/*!50003 SET collation_connection  = @saved_col_connection */ ;

--
-- Table structure for table `RESERVAS`
--

DROP TABLE IF EXISTS `RESERVAS`;
/*!40101 SET @saved_cs_client     = @@character_set_client */;
/*!50503 SET character_set_client = utf8mb4 */;
CREATE TABLE `RESERVAS` (
  `IdReserva` int NOT NULL AUTO_INCREMENT,
  `FechaReserva` datetime NOT NULL,
  `IdCliente` int NOT NULL,
  `IdCancha` int NOT NULL,
  `IdHorario` int NOT NULL,
  `IdEmpleado` int DEFAULT NULL,
  PRIMARY KEY (`IdReserva`),
  KEY `fk_reservas_clientes` (`IdCliente`),
  KEY `fk_reservas_canchas` (`IdCancha`),
  KEY `fk_reservas_horarios` (`IdHorario`),
  KEY `fk_reservas_empleados` (`IdEmpleado`),
  CONSTRAINT `fk_reservas_canchas` FOREIGN KEY (`IdCancha`) REFERENCES `CANCHAS` (`IdCancha`),
  CONSTRAINT `fk_reservas_clientes` FOREIGN KEY (`IdCliente`) REFERENCES `CLIENTES` (`IdCliente`),
  CONSTRAINT `fk_reservas_empleados` FOREIGN KEY (`IdEmpleado`) REFERENCES `EMPLEADOS` (`IdEmpleado`),
  CONSTRAINT `fk_reservas_horarios` FOREIGN KEY (`IdHorario`) REFERENCES `HORARIOS` (`IdHorario`)
) ENGINE=InnoDB AUTO_INCREMENT=1024 DEFAULT CHARSET=utf8mb4 COLLATE=utf8mb4_0900_ai_ci COMMENT='Esta tabla guarda las reservas de las canchas por los clientes';
/*!40101 SET character_set_client = @saved_cs_client */;

--
-- Dumping data for table `RESERVAS`
--

LOCK TABLES `RESERVAS` WRITE;
/*!40000 ALTER TABLE `RESERVAS` DISABLE KEYS */;
INSERT INTO `RESERVAS` VALUES (1,'2024-02-08 05:44:32',202,3,1,1),(2,'2024-03-25 09:39:52',146,5,10,1),(3,'2023-09-06 10:19:42',83,4,3,5),(4,'2024-05-01 21:23:34',281,4,7,1),(5,'2023-08-06 16:05:40',341,2,11,2),(6,'2023-12-27 14:25:05',55,3,10,2),(7,'2024-01-20 09:58:31',136,5,13,3),(8,'2023-10-11 00:01:03',613,5,11,2),(9,'2024-01-10 19:17:22',153,2,11,2),(10,'2023-08-12 15:48:16',62,4,14,5),(11,'2023-08-20 03:27:13',608,5,11,1),(12,'2024-03-07 16:56:04',61,2,7,1),(13,'2023-08-11 17:37:34',313,5,3,2),(14,'2023-12-21 17:16:07',80,3,6,3),(15,'2024-04-24 02:30:51',807,1,4,2),(16,'2023-07-05 23:34:04',838,4,5,3),(17,'2024-11-29 02:33:43',454,3,1,3),(18,'2024-08-07 20:39:19',257,1,7,2),(19,'2024-08-05 00:46:33',435,1,3,3),(20,'2024-05-28 21:14:12',194,4,1,2),(21,'2024-09-10 02:50:05',460,2,3,5),(22,'2023-07-10 09:36:39',122,2,1,2),(23,'2023-10-26 17:43:06',551,5,8,4),(24,'2024-04-20 20:10:05',620,4,7,3),(25,'2024-06-24 00:08:19',656,2,6,2),(26,'2023-07-21 03:08:29',730,4,6,3),(27,'2023-07-13 14:44:27',12,3,8,1),(28,'2024-07-09 18:32:24',782,5,2,2),(29,'2024-02-02 10:25:47',307,5,8,4),(30,'2023-12-14 19:29:26',758,1,9,4),(31,'2023-10-25 05:52:27',386,5,3,1),(32,'2023-07-08 17:38:05',449,4,7,1),(33,'2024-03-29 12:29:52',703,2,9,4),(34,'2024-08-03 02:54:23',366,3,13,4),(35,'2024-03-13 00:01:33',82,1,5,1),(36,'2024-07-14 23:48:50',153,5,3,2),(37,'2023-11-07 15:30:23',549,5,7,3),(38,'2024-10-29 05:32:43',21,1,2,4),(39,'2024-01-31 08:35:19',684,1,5,5),(40,'2024-12-16 03:18:00',603,4,2,3),(41,'2024-10-10 11:20:42',557,4,5,3),(42,'2024-02-19 23:52:38',194,1,11,3),(43,'2024-04-30 23:47:44',766,3,7,2),(44,'2023-10-30 20:54:54',487,2,1,5),(45,'2024-02-15 21:04:36',524,3,8,3),(46,'2024-05-26 15:19:04',783,5,10,4),(47,'2024-05-20 17:15:27',829,5,5,2),(48,'2023-10-29 21:10:35',518,3,9,4),(49,'2024-12-03 21:15:18',372,5,4,5),(50,'2024-07-19 18:58:01',271,4,11,5),(51,'2024-06-05 15:43:23',543,1,2,5),(52,'2024-06-28 01:56:03',286,1,2,3),(53,'2024-12-07 04:42:55',801,2,13,5),(54,'2023-07-21 12:19:24',135,4,7,4),(55,'2023-11-19 02:59:52',699,4,1,1),(56,'2024-02-06 04:18:51',438,5,7,5),(57,'2024-10-27 23:24:50',242,4,12,5),(58,'2023-09-01 11:40:45',385,1,10,1),(59,'2023-09-22 05:44:14',598,4,3,4),(60,'2024-01-16 17:35:15',298,5,2,3),(61,'2023-09-25 12:11:23',103,4,5,5),(62,'2024-09-12 05:17:19',821,5,14,3),(63,'2023-12-10 15:06:35',252,2,10,5),(64,'2024-10-30 19:54:58',121,4,13,1),(65,'2024-10-30 22:42:23',460,2,13,2),(66,'2024-03-19 08:57:15',463,1,1,3),(67,'2024-08-27 11:46:55',245,2,9,4),(68,'2024-10-18 01:52:58',489,5,9,3),(69,'2023-12-05 23:50:44',75,4,13,4),(70,'2024-10-25 05:16:28',126,4,2,1),(71,'2024-04-07 05:01:05',77,1,4,1),(72,'2024-09-24 10:09:47',241,4,12,1),(73,'2023-10-27 05:55:00',496,2,10,4),(74,'2024-07-14 09:40:32',382,5,3,3),(75,'2023-07-14 18:21:20',319,3,3,4),(76,'2023-10-19 20:12:46',722,3,11,1),(77,'2024-08-01 17:22:11',107,5,1,1),(78,'2024-03-06 05:55:46',64,4,8,2),(79,'2024-04-06 14:36:08',499,5,9,3),(80,'2024-07-22 12:59:11',459,2,2,2),(81,'2024-01-11 19:53:02',234,4,1,2),(82,'2024-03-11 14:12:01',700,5,9,2),(83,'2023-08-25 03:26:00',827,2,1,5),(84,'2024-04-28 18:11:56',508,4,14,2),(85,'2024-11-27 03:07:21',42,2,5,1),(86,'2024-09-09 10:02:38',513,1,13,3),(87,'2024-04-07 19:48:12',98,4,3,2),(88,'2023-08-10 17:49:44',83,4,1,1),(89,'2023-11-17 07:35:16',823,5,12,2),(90,'2024-12-05 01:21:38',607,3,3,3),(91,'2023-12-28 14:55:24',108,5,1,4),(92,'2024-05-24 08:54:23',648,1,12,1),(93,'2023-09-22 09:13:44',759,2,3,2),(94,'2023-10-31 13:41:06',346,2,10,5),(95,'2024-11-21 12:44:48',525,1,6,1),(96,'2023-10-04 08:07:59',483,5,5,3),(97,'2023-08-19 10:51:42',9,3,1,4),(98,'2024-02-19 13:12:06',285,5,7,3),(99,'2024-11-05 15:47:12',304,1,2,5),(100,'2024-12-11 11:41:53',377,3,10,5),(101,'2024-04-09 20:35:05',87,2,4,2),(102,'2023-08-16 04:02:26',129,2,5,4),(103,'2023-11-18 18:16:34',807,3,5,1),(104,'2024-07-28 00:15:02',438,4,6,1),(105,'2023-10-26 18:51:15',694,5,2,3),(106,'2024-12-06 08:44:54',501,4,1,4),(107,'2024-05-11 21:54:07',61,3,9,5),(108,'2024-12-17 23:49:04',454,1,3,4),(109,'2023-10-11 13:01:00',676,3,14,2),(110,'2023-12-07 07:41:29',152,1,12,1),(111,'2023-12-17 00:00:31',557,2,5,4),(112,'2024-05-07 01:42:11',600,5,7,4),(113,'2024-11-05 12:48:02',611,4,6,2),(114,'2023-10-25 00:24:55',57,2,4,5),(115,'2023-08-29 22:34:05',385,1,9,2),(116,'2024-05-10 21:17:42',14,5,3,1),(117,'2023-11-17 05:39:01',787,2,2,1),(118,'2024-03-01 20:34:39',766,2,12,3),(119,'2024-04-11 07:01:22',248,5,3,1),(120,'2024-07-29 04:15:59',544,5,7,5),(121,'2023-12-08 09:59:12',136,1,3,5),(122,'2024-06-09 16:14:09',319,5,13,4),(123,'2024-11-26 11:00:11',11,4,2,5),(124,'2024-12-05 11:39:35',506,5,12,2),(125,'2024-11-11 11:35:54',47,5,3,4),(126,'2024-05-08 17:24:12',749,2,14,3),(127,'2023-10-07 13:59:34',128,1,6,5),(128,'2023-07-05 08:56:43',736,2,2,1),(129,'2024-04-28 23:29:49',30,3,11,2),(130,'2023-10-14 10:38:17',259,5,9,2),(131,'2023-11-28 11:07:20',569,1,13,5),(132,'2023-12-31 23:43:57',437,1,14,4),(133,'2024-11-16 16:04:46',335,2,10,3),(134,'2024-05-29 09:07:50',197,3,8,5),(135,'2024-06-26 05:56:39',699,3,14,2),(136,'2023-12-24 10:50:51',275,2,9,4),(137,'2024-05-03 08:28:12',156,3,5,5),(138,'2024-11-05 21:04:45',460,4,1,3),(139,'2024-12-01 00:36:23',480,4,11,5),(140,'2023-07-21 11:55:39',822,5,13,3),(141,'2024-01-11 23:33:48',217,1,8,1),(142,'2024-10-05 17:53:16',40,3,8,3),(143,'2024-01-17 05:24:34',284,3,1,2),(144,'2024-05-07 12:43:18',328,5,3,5),(145,'2023-11-14 12:28:59',77,1,11,2),(146,'2023-10-06 14:22:47',8,1,10,3),(147,'2024-11-10 12:10:22',157,4,6,1),(148,'2023-07-28 10:05:48',415,5,6,2),(149,'2024-12-18 04:03:13',147,4,13,1),(150,'2024-04-05 14:32:19',404,4,3,1),(151,'2023-07-17 05:39:53',118,4,11,5),(152,'2024-02-13 18:00:34',178,1,7,5),(153,'2023-09-15 03:15:24',234,2,6,5),(154,'2023-11-25 00:41:01',478,4,11,4),(155,'2024-09-12 14:09:45',569,2,3,4),(156,'2023-07-17 19:20:32',237,5,9,4),(157,'2024-07-03 16:11:07',813,1,3,4),(158,'2023-12-21 10:08:11',103,3,14,3),(159,'2024-07-27 23:42:29',60,1,9,1),(160,'2024-01-25 06:08:55',555,2,14,3),(161,'2023-12-29 09:02:22',758,5,1,5),(162,'2024-12-23 07:27:12',668,2,11,2),(163,'2024-12-08 19:50:41',23,2,14,4),(164,'2023-12-17 05:42:32',820,2,2,1),(165,'2024-08-24 00:59:21',794,5,1,3),(166,'2024-10-17 05:14:02',563,5,3,4),(167,'2024-09-09 02:48:21',521,5,1,5),(168,'2024-03-03 21:46:05',134,1,4,5),(169,'2023-12-03 09:46:28',190,2,14,5),(170,'2024-07-08 10:12:32',500,2,4,2),(171,'2024-12-14 23:07:09',839,4,2,1),(172,'2024-10-08 05:34:06',460,1,9,3),(173,'2024-03-15 15:52:29',87,4,13,1),(174,'2024-10-01 10:40:03',138,4,12,5),(175,'2023-08-06 02:15:13',637,3,6,3),(176,'2023-11-22 03:41:58',90,3,12,5),(177,'2024-10-04 11:59:10',536,1,5,5),(178,'2024-12-07 05:29:46',787,1,2,5),(179,'2023-11-25 11:26:31',418,4,13,4),(180,'2023-09-28 06:56:52',742,5,12,1),(181,'2023-11-08 06:15:19',574,3,9,5),(182,'2024-09-01 16:37:17',276,1,13,2),(183,'2024-11-16 13:06:29',151,4,1,1),(184,'2024-03-23 15:56:31',133,4,4,1),(185,'2024-12-05 04:42:33',392,1,7,4),(186,'2024-04-24 07:23:50',583,1,8,5),(187,'2023-12-04 16:52:19',409,1,3,3),(188,'2024-06-24 03:03:48',111,4,3,2),(189,'2024-01-01 23:26:45',653,3,11,2),(190,'2024-08-27 23:25:17',370,5,12,1),(191,'2024-12-16 22:54:27',11,4,2,1),(192,'2023-09-14 15:50:30',157,5,3,2),(193,'2024-03-23 13:29:11',121,4,12,5),(194,'2024-05-26 02:02:57',489,4,6,4),(195,'2024-05-28 04:22:58',379,2,6,4),(196,'2024-05-26 00:14:12',255,4,5,2),(197,'2024-12-01 20:45:49',73,1,5,3),(198,'2023-07-05 12:34:08',510,4,6,3),(199,'2024-08-28 09:07:21',709,4,4,2),(200,'2024-01-24 02:41:51',355,4,6,3),(201,'2024-08-30 16:42:13',493,4,1,2),(202,'2024-07-08 16:38:35',810,4,14,1),(203,'2024-10-27 09:20:30',499,1,11,3),(204,'2024-10-03 11:45:04',67,5,13,3),(205,'2024-03-30 07:17:00',176,1,2,1),(206,'2024-11-25 03:49:17',175,3,12,4),(207,'2023-10-14 18:51:30',723,1,10,1),(208,'2024-12-20 18:53:10',107,2,2,1),(209,'2024-10-06 15:32:15',649,5,14,2),(210,'2023-08-25 19:13:25',389,1,6,2),(211,'2024-07-26 22:53:08',491,4,10,3),(212,'2023-07-23 09:38:22',43,4,2,2),(213,'2024-10-12 10:50:43',233,4,5,5),(214,'2023-11-10 08:18:48',826,4,7,3),(215,'2023-12-31 20:30:41',621,3,8,3),(216,'2023-12-20 00:36:00',325,5,12,2),(217,'2024-03-12 09:42:48',687,3,11,3),(218,'2024-04-09 23:28:48',83,5,4,4),(219,'2024-09-07 15:21:20',440,5,8,5),(220,'2024-09-18 03:06:10',183,2,8,5),(221,'2023-08-26 15:41:09',114,2,3,4),(222,'2024-09-30 16:54:28',738,1,13,3),(223,'2024-06-14 05:06:48',848,1,6,3),(224,'2024-07-19 02:09:51',607,4,3,5),(225,'2023-11-04 14:02:56',356,2,8,1),(226,'2023-11-02 22:43:25',354,1,10,3),(227,'2023-10-14 03:56:00',733,4,11,1),(228,'2024-03-12 07:58:34',754,4,10,2),(229,'2024-01-04 01:07:23',367,1,5,3),(230,'2024-09-24 21:57:34',594,1,10,4),(231,'2024-11-09 07:02:41',139,2,2,2),(232,'2023-10-08 15:16:36',122,4,4,1),(233,'2024-03-10 04:22:52',704,4,9,1),(234,'2023-08-04 15:05:01',833,2,12,1),(235,'2024-12-20 00:46:49',794,4,7,1),(236,'2024-02-17 07:08:36',601,4,2,4),(237,'2024-07-04 06:31:11',818,1,3,2),(238,'2024-06-03 18:27:51',530,1,6,1),(239,'2023-09-09 20:12:53',828,1,5,5),(240,'2023-12-17 03:59:21',240,4,1,3),(241,'2023-11-06 10:59:45',322,2,4,2),(242,'2024-01-20 19:48:42',542,4,2,5),(243,'2024-08-27 00:20:17',662,5,4,1),(244,'2023-12-04 13:12:54',395,1,5,4),(245,'2024-08-23 04:38:11',585,3,4,1),(246,'2024-10-18 19:03:56',67,1,10,3),(247,'2024-04-18 06:49:44',753,5,4,5),(248,'2023-11-14 02:45:33',104,1,13,1),(249,'2023-09-19 08:38:12',123,4,8,5),(250,'2024-02-18 19:13:54',499,1,8,2),(251,'2023-12-20 15:02:37',509,1,1,4),(252,'2024-09-20 09:11:08',174,1,5,4),(253,'2023-08-03 17:58:23',645,4,1,3),(254,'2023-11-06 14:00:16',645,3,5,4),(255,'2024-01-21 10:45:18',395,1,6,1),(256,'2024-09-03 21:06:28',421,2,7,1),(257,'2024-06-10 09:59:41',136,4,9,2),(258,'2023-12-27 18:58:24',754,1,14,3),(259,'2023-12-24 04:46:35',601,3,10,5),(260,'2023-09-16 16:25:26',539,4,13,5),(261,'2023-07-20 22:13:19',122,3,2,1),(262,'2024-06-07 19:36:28',677,4,9,1),(263,'2023-12-12 07:12:55',267,1,6,4),(264,'2023-11-23 10:10:00',364,5,3,3),(265,'2024-05-12 22:03:27',446,1,13,5),(266,'2024-12-05 16:17:05',661,2,11,4),(267,'2024-01-20 07:38:42',330,2,10,2),(268,'2023-10-21 09:04:49',83,4,3,2),(269,'2024-01-17 11:58:24',558,2,2,1),(270,'2024-09-03 17:03:12',198,4,13,4),(271,'2024-05-22 01:31:00',379,2,5,1),(272,'2024-03-31 12:50:32',601,1,10,3),(273,'2024-02-07 18:38:24',688,3,5,1),(274,'2023-07-13 22:27:47',76,4,5,5),(275,'2024-08-12 18:09:01',517,4,10,2),(276,'2023-10-28 05:04:02',608,3,11,1),(277,'2024-05-04 08:13:29',66,1,3,5),(278,'2023-09-17 11:20:09',471,2,13,1),(279,'2024-06-12 00:25:45',42,5,3,2),(280,'2024-06-24 23:40:48',595,2,3,4),(281,'2023-12-19 05:11:28',314,3,13,3),(282,'2023-11-01 17:11:50',744,4,7,5),(283,'2024-05-28 05:01:39',627,2,9,1),(284,'2024-03-20 22:31:47',54,3,9,1),(285,'2024-01-04 03:45:34',369,3,12,3),(286,'2024-11-27 23:27:02',326,2,9,5),(287,'2024-05-25 05:54:28',795,4,2,1),(288,'2024-06-14 12:34:07',762,2,11,3),(289,'2024-05-17 03:10:25',713,5,5,3),(290,'2024-07-30 05:22:05',543,4,12,4),(291,'2024-09-04 17:51:37',755,1,1,1),(292,'2024-01-30 01:28:54',149,3,6,5),(293,'2023-07-15 07:48:45',236,4,7,1),(294,'2024-03-19 06:24:24',622,1,2,2),(295,'2024-04-30 21:24:16',651,3,14,5),(296,'2024-12-17 13:22:25',530,2,11,1),(297,'2024-08-09 01:00:24',540,3,12,3),(298,'2024-07-30 20:23:54',742,2,13,2),(299,'2024-01-26 07:53:33',52,4,9,3),(300,'2023-11-13 10:15:19',195,4,1,4),(301,'2024-06-01 20:09:56',678,4,10,5),(302,'2023-12-21 06:29:19',385,1,10,2),(303,'2024-06-15 14:05:37',768,4,11,1),(304,'2024-11-09 15:08:09',351,3,9,3),(305,'2023-08-28 22:37:31',80,1,6,1),(306,'2024-01-30 08:29:46',299,3,6,1),(307,'2024-06-05 16:39:37',570,3,11,4),(308,'2024-05-31 07:04:46',630,4,14,1),(309,'2024-11-19 17:21:58',508,5,3,4),(310,'2023-11-20 08:20:31',710,1,7,2),(311,'2023-10-08 14:42:58',790,4,14,1),(312,'2024-09-08 23:44:54',297,3,6,2),(313,'2024-06-17 07:28:26',461,4,2,5),(314,'2024-09-20 15:55:42',782,1,10,5),(315,'2024-06-28 14:53:10',717,3,13,3),(316,'2024-08-16 18:10:14',204,5,10,5),(317,'2024-12-05 23:51:09',608,2,14,5),(318,'2024-01-25 01:26:39',622,1,11,4),(319,'2023-11-10 12:53:48',820,2,7,4),(320,'2024-10-20 07:58:20',10,1,2,1),(321,'2024-02-07 15:30:50',2,1,1,5),(322,'2024-04-27 06:02:10',37,2,7,5),(323,'2024-11-09 21:03:36',794,1,6,4),(324,'2024-11-21 10:44:24',638,4,9,1),(325,'2024-05-20 03:55:28',740,3,11,2),(326,'2024-07-16 18:49:12',71,3,4,2),(327,'2024-08-18 23:02:50',435,2,12,2),(328,'2024-07-26 23:03:29',167,4,12,1),(329,'2024-09-09 01:01:17',569,5,11,5),(330,'2023-08-17 06:53:00',259,3,11,2),(331,'2024-03-24 06:58:54',601,4,1,4),(332,'2024-11-13 15:20:14',314,2,8,2),(333,'2024-10-20 16:16:43',787,1,6,1),(334,'2023-12-19 11:01:12',694,4,14,3),(335,'2024-12-17 03:31:30',822,2,3,3),(336,'2024-05-15 08:08:10',161,3,13,5),(337,'2024-08-12 08:46:28',356,1,1,2),(338,'2024-02-05 23:15:23',581,4,2,2),(339,'2024-05-19 09:40:17',547,5,10,4),(340,'2024-02-09 05:26:55',777,2,2,5),(341,'2024-10-17 02:16:48',392,2,13,4),(342,'2024-06-18 04:04:54',326,2,8,4),(343,'2023-08-15 14:56:32',177,2,8,4),(344,'2024-11-16 13:27:46',689,2,7,2),(345,'2023-07-09 07:47:05',160,1,7,3),(346,'2024-04-13 07:27:06',240,2,14,4),(347,'2023-07-18 05:16:15',423,4,12,1),(348,'2024-10-18 21:34:13',320,3,1,5),(349,'2024-04-08 20:18:06',825,2,6,3),(350,'2024-07-31 02:59:36',76,2,10,3),(351,'2023-12-05 07:20:18',5,4,6,2),(352,'2023-07-20 01:08:22',744,2,2,4),(353,'2023-10-25 00:26:39',547,2,2,5),(354,'2023-12-17 17:04:51',684,3,3,4),(355,'2024-09-20 02:21:01',835,2,11,4),(356,'2024-10-28 12:10:52',511,1,1,5),(357,'2023-10-11 17:27:43',613,3,7,5),(358,'2023-09-06 16:47:38',796,1,8,2),(359,'2023-10-28 07:48:15',370,2,4,3),(360,'2024-12-09 03:32:05',230,4,12,5),(361,'2024-07-05 14:04:47',446,3,8,3),(362,'2024-01-22 22:04:05',708,3,4,3),(363,'2024-11-19 07:59:34',833,5,7,3),(364,'2023-10-23 16:19:03',718,2,6,3),(365,'2023-08-08 07:22:05',738,4,1,3),(366,'2024-12-07 02:02:32',281,2,1,3),(367,'2024-03-16 20:02:04',167,1,12,3),(368,'2024-11-13 23:47:04',403,2,13,3),(369,'2023-08-30 10:21:13',566,4,6,4),(370,'2024-01-25 09:24:26',307,1,14,2),(371,'2024-01-14 15:37:30',492,2,6,3),(372,'2023-08-20 09:12:04',449,1,1,4),(373,'2023-09-28 19:41:53',564,1,10,1),(374,'2024-02-15 09:10:56',455,1,11,3),(375,'2024-01-15 05:45:26',278,4,4,3),(376,'2023-08-27 06:01:15',145,5,5,5),(377,'2024-01-07 21:57:56',277,5,1,1),(378,'2024-04-30 06:35:39',213,1,13,4),(379,'2024-04-12 10:50:07',748,5,9,5),(380,'2024-11-27 03:14:36',515,4,1,3),(381,'2023-10-10 18:10:09',447,3,7,1),(382,'2023-11-16 18:11:14',34,4,13,3),(383,'2024-03-14 04:04:30',504,4,9,1),(384,'2024-07-10 23:41:07',204,1,7,1),(385,'2023-07-31 17:13:37',760,4,6,2),(386,'2024-05-25 18:00:45',26,3,1,2),(387,'2023-08-07 01:30:48',624,5,1,4),(388,'2024-07-19 12:52:59',29,5,3,4),(389,'2024-05-24 03:23:36',636,3,10,4),(390,'2023-08-05 16:15:31',619,5,7,5),(391,'2024-11-10 23:05:53',257,5,10,3),(392,'2024-07-31 21:18:31',743,4,13,5),(393,'2024-07-10 23:00:35',138,5,5,5),(394,'2023-11-02 13:43:43',491,5,6,3),(395,'2023-10-02 13:01:22',850,1,3,4),(396,'2024-06-08 13:52:07',738,2,5,5),(397,'2024-12-08 17:03:42',829,1,5,2),(398,'2024-12-16 21:15:26',59,4,5,2),(399,'2024-03-07 21:28:59',84,4,9,2),(400,'2024-10-17 11:41:14',814,4,13,5),(401,'2024-10-20 07:55:00',832,3,11,4),(402,'2024-03-12 15:40:40',104,3,8,4),(403,'2023-09-19 10:50:58',149,4,2,2),(404,'2024-02-14 10:15:08',732,3,13,5),(405,'2024-12-04 08:16:10',62,5,5,2),(406,'2024-01-01 01:48:16',85,1,10,5),(407,'2024-11-19 23:52:12',55,4,10,4),(408,'2023-11-06 23:46:08',698,5,10,1),(409,'2023-08-06 21:07:46',348,1,14,1),(410,'2023-07-27 10:31:01',2,2,9,3),(411,'2023-08-19 20:27:16',292,1,13,4),(412,'2024-11-04 23:32:29',656,4,5,5),(413,'2023-08-01 17:16:06',411,1,9,1),(414,'2024-02-13 18:59:25',655,2,3,1),(415,'2024-07-26 03:56:27',334,5,14,4),(416,'2024-07-03 07:53:29',774,4,7,3),(417,'2023-07-26 15:32:22',232,5,14,3),(418,'2023-08-28 20:54:32',401,1,1,1),(419,'2024-06-16 12:12:41',224,2,7,4),(420,'2024-02-29 13:42:03',543,3,14,1),(421,'2024-09-10 06:23:55',424,3,2,2),(422,'2023-08-30 16:29:49',220,2,9,5),(423,'2024-05-03 19:23:48',774,2,6,5),(424,'2024-08-11 15:43:19',224,5,5,1),(425,'2023-10-13 10:32:20',498,5,11,2),(426,'2023-11-18 20:44:59',253,4,4,3),(427,'2024-03-13 03:17:38',679,2,8,2),(428,'2024-08-22 01:59:37',262,3,3,2),(429,'2023-08-21 20:59:36',641,5,11,3),(430,'2024-03-24 04:54:01',270,4,9,1),(431,'2024-06-29 19:41:59',720,2,14,5),(432,'2024-03-19 23:09:43',24,3,1,5),(433,'2023-10-30 14:15:44',311,2,13,3),(434,'2024-07-08 13:05:24',101,4,12,2),(435,'2024-05-07 18:15:01',471,5,10,2),(436,'2024-11-30 11:22:30',207,5,10,2),(437,'2023-12-03 18:18:16',648,2,10,1),(438,'2023-11-25 20:23:56',293,4,3,3),(439,'2024-12-18 12:09:40',188,2,2,1),(440,'2024-03-26 07:11:14',201,2,1,3),(441,'2023-09-09 02:19:56',510,5,12,3),(442,'2024-05-02 06:36:11',726,5,5,5),(443,'2023-08-14 23:46:28',747,2,10,3),(444,'2024-08-16 00:50:50',64,1,2,2),(445,'2023-10-18 21:24:00',294,5,6,5),(446,'2023-12-13 01:12:47',763,3,11,3),(447,'2024-01-06 10:35:07',616,2,12,4),(448,'2024-10-15 15:20:49',333,3,1,1),(449,'2024-05-29 18:36:46',412,2,3,1),(450,'2024-04-09 15:03:43',677,1,12,5),(451,'2023-09-17 17:48:40',554,3,1,4),(452,'2023-12-16 14:50:19',675,1,13,2),(453,'2024-10-05 00:42:43',17,4,1,1),(454,'2024-01-15 19:59:21',589,2,14,1),(455,'2024-09-27 02:32:57',442,1,14,5),(456,'2024-02-12 17:00:36',25,2,10,5),(457,'2024-11-12 07:34:20',127,2,5,2),(458,'2023-07-11 22:28:05',48,4,12,3),(459,'2024-10-09 06:02:46',820,3,11,3),(460,'2023-10-12 03:04:10',371,3,3,5),(461,'2024-12-24 16:58:09',191,1,11,3),(462,'2024-03-12 02:09:38',182,5,11,1),(463,'2024-10-03 01:51:05',47,5,10,5),(464,'2024-03-22 16:40:02',759,2,5,5),(465,'2024-05-21 03:10:10',430,5,8,4),(466,'2023-08-23 22:53:51',298,3,6,5),(467,'2023-10-08 05:42:47',157,1,12,5),(468,'2024-12-17 03:45:45',326,4,2,2),(469,'2023-10-08 03:24:53',163,5,13,1),(470,'2023-07-30 19:38:08',116,3,10,4),(471,'2023-07-22 16:28:41',592,5,12,4),(472,'2023-10-25 10:38:51',166,4,11,5),(473,'2024-01-22 23:29:57',363,2,7,5),(474,'2024-01-25 07:29:18',714,3,4,3),(475,'2024-07-29 13:14:26',218,4,5,5),(476,'2024-10-20 20:41:11',701,1,11,5),(477,'2023-12-14 03:04:46',358,3,14,1),(478,'2024-11-26 22:37:29',451,5,4,4),(479,'2024-02-27 22:23:01',479,1,1,1),(480,'2023-11-11 19:08:06',764,3,7,4),(481,'2024-05-20 15:52:37',188,2,2,1),(482,'2024-06-20 11:06:32',191,5,14,4),(483,'2024-12-23 13:07:56',47,5,13,5),(484,'2023-10-03 07:08:22',2,5,6,5),(485,'2023-12-13 18:04:13',569,4,6,3),(486,'2024-11-07 23:10:51',357,2,4,3),(487,'2024-01-22 19:45:31',629,5,3,2),(488,'2024-07-04 02:19:33',469,5,11,3),(489,'2024-09-29 19:40:58',605,1,3,2),(490,'2024-10-24 06:31:15',37,1,11,2),(491,'2024-04-07 12:29:36',174,3,1,5),(492,'2023-11-11 10:13:29',623,4,6,1),(493,'2023-10-13 09:41:23',752,2,10,5),(494,'2024-08-16 21:17:04',77,1,11,2),(495,'2024-05-08 16:40:52',765,1,6,1),(496,'2024-07-05 14:39:41',88,2,5,5),(497,'2024-01-16 04:33:23',732,2,12,5),(498,'2023-07-18 16:40:43',330,4,12,4),(499,'2024-11-04 03:46:54',652,2,5,2),(500,'2024-03-02 21:06:00',109,5,2,5),(501,'2023-07-26 07:07:55',426,5,1,1),(502,'2023-08-07 01:58:07',320,5,3,5),(503,'2023-11-18 15:12:34',457,2,2,4),(504,'2023-09-12 14:35:01',59,4,3,1),(505,'2024-04-15 01:12:38',590,2,2,2),(506,'2024-05-18 04:14:20',283,2,6,5),(507,'2024-01-23 16:44:37',849,3,9,1),(508,'2024-03-17 06:56:44',448,5,6,5),(509,'2024-02-11 03:14:00',426,5,10,5),(510,'2023-07-30 07:53:16',631,3,8,1),(511,'2024-04-06 04:00:58',486,1,2,1),(512,'2024-04-12 04:22:09',266,5,14,2),(513,'2023-11-30 12:26:30',12,2,5,1),(514,'2024-02-17 21:55:04',264,4,8,2),(515,'2024-05-15 19:43:25',227,4,6,3),(516,'2023-08-19 07:43:42',1,1,12,4),(517,'2023-08-09 10:14:52',18,1,13,3),(518,'2024-01-24 08:02:08',355,5,3,2),(519,'2024-06-18 04:58:56',473,5,13,3),(520,'2024-07-23 17:05:48',11,5,5,3),(521,'2024-01-22 20:22:09',90,2,9,5),(522,'2024-09-23 02:19:32',539,5,5,3),(523,'2023-08-03 00:57:17',433,1,13,1),(524,'2023-07-14 13:39:45',223,2,14,1),(525,'2024-11-02 17:47:11',503,5,5,3),(526,'2024-02-23 04:04:55',17,1,4,3),(527,'2024-01-24 05:41:18',361,5,1,4),(528,'2024-06-12 16:24:18',821,4,3,3),(529,'2024-10-04 11:38:14',543,3,10,5),(530,'2024-08-10 15:24:33',200,2,6,2),(531,'2023-10-12 09:27:16',743,3,7,4),(532,'2023-11-24 03:01:01',45,4,11,4),(533,'2023-11-03 19:02:16',806,2,14,3),(534,'2024-08-17 14:44:44',418,2,11,4),(535,'2024-04-29 21:38:55',832,2,11,2),(536,'2024-05-23 13:57:11',160,1,9,2),(537,'2024-11-24 07:33:24',313,1,8,3),(538,'2023-07-20 03:08:03',190,1,12,3),(539,'2024-02-24 00:20:50',634,1,10,1),(540,'2024-11-05 10:52:47',102,2,5,5),(541,'2024-10-20 22:08:31',68,5,1,2),(542,'2023-08-05 21:09:44',718,5,1,1),(543,'2024-04-26 04:32:55',348,5,7,4),(544,'2024-05-29 08:00:13',141,3,10,5),(545,'2023-11-16 08:10:51',15,5,6,1),(546,'2024-03-12 16:54:40',690,3,9,1),(547,'2024-06-23 17:36:19',563,5,1,2),(548,'2023-11-30 01:17:10',205,1,1,3),(549,'2023-09-06 12:45:58',1,4,8,4),(550,'2024-03-11 00:35:32',739,4,5,5),(551,'2024-04-08 08:46:13',480,1,8,4),(552,'2024-05-17 19:54:55',435,5,11,4),(553,'2023-12-03 18:43:33',537,2,12,5),(554,'2023-09-03 07:37:37',109,5,5,1),(555,'2024-04-06 13:42:07',655,5,2,1),(556,'2024-11-25 21:32:23',52,4,6,3),(557,'2023-10-02 21:10:40',236,4,4,1),(558,'2024-06-28 05:46:29',829,1,13,3),(559,'2023-07-06 01:31:51',653,2,8,4),(560,'2024-01-25 13:54:01',838,4,5,4),(561,'2024-12-02 16:14:19',804,4,4,2),(562,'2024-09-02 06:43:46',594,4,14,1),(563,'2023-08-27 18:52:49',769,1,14,1),(564,'2024-05-17 00:35:11',557,2,1,2),(565,'2024-12-10 01:26:50',636,5,5,3),(566,'2024-04-25 16:13:45',111,4,6,2),(567,'2023-09-02 22:58:58',151,3,5,3),(568,'2024-11-10 21:14:16',777,4,13,2),(569,'2024-11-03 21:56:41',327,3,8,2),(570,'2024-02-03 13:59:02',65,5,10,3),(571,'2024-12-17 04:52:50',811,4,2,5),(572,'2024-10-11 20:53:32',717,2,7,2),(573,'2023-08-18 03:54:48',563,4,13,3),(574,'2023-12-20 19:49:45',650,3,3,4),(575,'2024-01-05 22:40:14',181,1,7,1),(576,'2024-10-25 07:54:14',819,3,14,2),(577,'2024-07-22 07:43:19',575,5,5,3),(578,'2023-09-02 04:47:16',599,3,12,3),(579,'2024-05-28 23:04:38',61,3,2,3),(580,'2024-11-01 19:12:00',590,4,4,1),(581,'2024-06-30 16:42:27',530,4,3,1),(582,'2024-03-16 10:25:34',837,1,1,1),(583,'2023-10-18 06:09:02',10,1,3,3),(584,'2024-03-17 05:53:56',34,4,1,2),(585,'2024-02-06 21:03:18',357,1,13,2),(586,'2024-05-19 02:46:12',619,2,13,1),(587,'2023-11-23 15:27:58',596,2,8,2),(588,'2024-09-19 22:26:20',355,4,4,3),(589,'2024-11-07 09:23:03',815,4,2,2),(590,'2024-03-20 11:33:08',711,3,14,1),(591,'2024-08-22 07:14:59',585,3,9,4),(592,'2023-10-04 18:12:51',458,5,14,3),(593,'2023-12-09 11:28:59',601,4,2,4),(594,'2023-11-06 23:27:38',349,4,7,4),(595,'2024-07-26 05:06:43',721,3,4,4),(596,'2024-07-18 13:58:24',400,3,14,5),(597,'2024-06-30 13:40:20',740,4,3,5),(598,'2024-05-21 06:35:22',736,5,14,1),(599,'2023-12-05 02:25:02',559,5,2,4),(600,'2024-05-24 23:42:38',749,4,3,4),(601,'2023-08-08 13:07:56',607,1,3,4),(602,'2024-10-28 06:31:13',683,4,14,5),(603,'2024-11-07 11:26:43',26,2,10,4),(604,'2024-07-23 19:50:26',843,2,1,1),(605,'2023-10-15 23:12:13',836,4,10,4),(606,'2024-12-12 17:16:24',829,5,9,2),(607,'2024-09-17 16:09:05',606,2,2,1),(608,'2024-07-20 02:56:40',841,3,13,1),(609,'2024-02-26 09:06:51',405,3,4,1),(610,'2024-01-20 22:20:54',222,1,2,2),(611,'2024-11-06 15:47:35',286,1,10,3),(612,'2023-08-28 12:08:09',395,1,6,4),(613,'2024-05-21 21:30:14',742,4,9,4),(614,'2024-09-18 01:46:12',112,2,7,2),(615,'2023-12-22 19:19:49',539,3,13,2),(616,'2024-06-21 09:47:11',619,1,13,5),(617,'2024-11-05 05:47:13',788,3,12,1),(618,'2024-02-06 05:24:57',228,5,4,5),(619,'2024-05-08 19:50:22',749,2,11,3),(620,'2023-08-21 09:50:34',491,5,2,3),(621,'2024-11-03 14:59:43',749,5,3,2),(622,'2024-08-08 08:37:42',30,3,13,3),(623,'2023-11-29 17:03:42',563,1,12,5),(624,'2024-01-03 12:43:50',837,5,12,2),(625,'2024-11-11 04:56:42',268,5,11,3),(626,'2024-12-09 14:46:14',487,2,1,4),(627,'2023-07-10 07:32:36',287,5,14,2),(628,'2023-09-16 15:38:28',648,1,1,5),(629,'2023-09-19 19:20:37',429,5,12,5),(630,'2024-02-05 22:24:03',273,1,13,4),(631,'2024-11-13 14:08:35',491,2,4,2),(632,'2023-12-23 22:25:21',780,1,10,1),(633,'2024-05-08 20:19:38',74,3,6,3),(634,'2024-03-13 09:32:11',817,3,7,3),(635,'2023-07-30 21:45:37',613,2,14,2),(636,'2024-11-20 19:42:55',848,4,7,3),(637,'2023-12-16 10:09:33',258,5,7,1),(638,'2023-11-17 07:10:57',273,4,8,4),(639,'2023-07-09 21:24:48',161,1,5,2),(640,'2024-05-21 18:12:21',67,3,12,3),(641,'2024-01-02 15:18:39',382,3,3,1),(642,'2024-09-30 19:08:59',482,3,4,1),(643,'2023-07-29 05:09:53',250,4,6,3),(644,'2024-06-15 23:57:05',501,3,4,2),(645,'2023-10-04 23:49:17',575,5,14,3),(646,'2024-12-04 07:16:10',782,3,14,3),(647,'2024-06-25 15:56:54',301,4,8,1),(648,'2024-03-24 17:13:37',62,3,3,2),(649,'2024-07-16 18:37:29',757,4,5,4),(650,'2023-11-06 04:29:46',619,5,6,5),(651,'2023-09-23 02:19:11',51,4,2,2),(652,'2024-11-01 10:47:46',641,4,2,1),(653,'2024-05-05 16:35:55',650,5,14,2),(654,'2023-12-08 08:58:05',527,4,4,1),(655,'2024-01-29 09:38:30',11,5,13,2),(656,'2024-09-28 19:15:11',280,1,1,4),(657,'2024-05-07 05:24:18',520,5,6,3),(658,'2024-02-25 23:28:39',62,2,8,5),(659,'2024-03-11 13:43:45',96,2,8,4),(660,'2024-04-18 03:57:36',626,3,7,5),(661,'2024-08-26 17:36:01',310,4,14,2),(662,'2023-07-22 22:11:00',355,5,14,3),(663,'2024-05-05 19:18:30',591,3,3,5),(664,'2023-10-01 02:16:47',200,3,5,3),(665,'2024-08-01 14:18:55',256,2,3,4),(666,'2024-10-12 12:34:49',608,3,6,5),(667,'2024-09-01 14:37:29',126,5,14,5),(668,'2024-05-26 20:42:52',130,4,12,4),(669,'2024-11-28 01:03:45',824,5,11,4),(670,'2024-07-11 02:58:55',521,2,4,4),(671,'2024-04-02 11:02:37',206,1,11,2),(672,'2024-05-27 15:20:05',464,3,1,5),(673,'2024-10-09 07:22:02',803,3,5,3),(674,'2023-09-08 14:29:40',602,1,2,1),(675,'2024-10-17 05:16:27',101,3,7,4),(676,'2024-07-01 05:27:47',740,3,8,2),(677,'2024-12-14 16:14:13',343,4,9,4),(678,'2023-12-17 23:14:12',358,1,3,5),(679,'2024-05-14 00:51:20',26,1,6,4),(680,'2024-05-24 17:26:22',672,1,1,1),(681,'2023-08-14 13:30:07',552,4,6,4),(682,'2023-10-12 13:06:48',441,3,7,1),(683,'2023-07-14 02:00:17',524,2,4,1),(684,'2023-09-09 12:42:31',215,5,11,1),(685,'2024-09-05 10:38:26',301,1,6,1),(686,'2024-03-14 16:45:53',142,1,1,2),(687,'2024-05-22 02:17:07',727,1,12,1),(688,'2024-04-23 22:56:28',571,4,5,1),(689,'2023-11-14 20:48:52',197,4,6,3),(690,'2023-11-13 09:19:41',93,5,5,1),(691,'2024-08-24 23:46:16',560,3,14,3),(692,'2024-01-17 22:45:09',817,5,11,3),(693,'2024-02-07 06:03:15',509,3,7,2),(694,'2024-07-21 01:23:52',269,2,2,3),(695,'2024-02-16 00:28:50',800,5,1,2),(696,'2024-09-23 06:02:45',532,5,9,3),(697,'2023-11-25 15:37:00',771,3,1,2),(698,'2024-05-06 11:01:45',169,3,5,4),(699,'2023-11-23 06:32:10',702,3,13,3),(700,'2024-09-22 05:24:21',378,5,6,5),(701,'2024-07-07 15:56:53',477,4,10,5),(702,'2024-06-03 12:15:35',272,3,4,3),(703,'2023-12-13 09:20:00',310,1,11,2),(704,'2023-11-05 14:04:07',450,1,12,5),(705,'2024-11-13 18:32:04',487,4,11,1),(706,'2024-01-17 19:34:47',312,3,1,5),(707,'2024-09-05 23:55:54',628,2,5,2),(708,'2024-07-23 21:14:17',565,4,10,2),(709,'2023-10-15 04:30:55',378,4,13,3),(710,'2024-08-12 01:09:36',580,5,10,5),(711,'2024-07-10 10:27:37',259,4,8,5),(712,'2024-03-30 20:50:39',615,1,9,2),(713,'2023-08-14 06:16:54',581,2,9,1),(714,'2023-08-11 03:22:13',787,1,10,4),(715,'2024-08-22 03:54:20',385,3,4,3),(716,'2023-12-01 04:14:32',733,2,9,3),(717,'2023-11-10 07:34:47',545,1,10,3),(718,'2023-07-13 09:22:21',607,2,1,1),(719,'2024-11-13 05:12:23',5,4,8,4),(720,'2024-01-05 17:34:46',822,5,1,2),(721,'2024-10-08 06:08:31',101,1,13,2),(722,'2024-12-20 05:13:25',99,5,10,5),(723,'2024-06-08 17:10:09',733,3,3,5),(724,'2024-05-07 12:48:06',361,5,12,5),(725,'2024-08-08 01:37:05',434,3,11,2),(726,'2024-05-05 04:35:07',432,1,5,5),(727,'2024-11-02 01:32:47',715,1,13,3),(728,'2023-08-27 06:42:04',241,2,14,5),(729,'2024-06-09 15:13:49',735,1,1,4),(730,'2024-02-12 15:20:59',654,2,1,2),(731,'2024-03-21 02:17:49',18,2,8,1),(732,'2023-08-30 00:15:10',304,3,12,1),(733,'2024-08-25 00:27:54',681,3,2,2),(734,'2024-09-28 03:14:31',207,1,10,3),(735,'2024-08-03 11:55:19',3,2,4,1),(736,'2024-07-16 09:59:11',781,4,3,4),(737,'2024-09-23 05:12:42',807,1,2,4),(738,'2024-06-18 06:06:19',64,3,13,1),(739,'2024-02-12 19:18:33',558,2,6,3),(740,'2024-02-10 03:40:26',58,3,10,1),(741,'2023-12-21 10:54:19',444,5,8,5),(742,'2024-03-25 00:40:28',681,4,14,3),(743,'2024-02-19 21:23:45',251,5,3,4),(744,'2024-03-08 12:43:58',774,3,5,5),(745,'2024-08-25 11:56:22',807,4,11,1),(746,'2024-12-03 17:35:55',272,5,13,4),(747,'2024-09-25 02:56:07',32,4,12,2),(748,'2024-04-03 23:14:44',586,2,10,3),(749,'2024-01-10 04:56:36',31,3,7,2),(750,'2024-10-23 15:16:36',793,4,5,5),(751,'2024-11-19 18:13:17',404,3,1,5),(752,'2023-11-24 12:09:06',712,3,9,4),(753,'2024-06-26 09:13:44',102,1,2,1),(754,'2023-12-10 17:46:52',128,3,2,4),(755,'2024-11-18 03:44:10',69,2,12,1),(756,'2023-12-10 17:41:41',807,3,1,5),(757,'2024-02-22 11:59:53',458,4,4,5),(758,'2023-07-10 00:16:46',421,2,12,1),(759,'2024-04-22 12:37:31',757,3,5,4),(760,'2023-09-23 23:51:25',208,4,9,2),(761,'2024-05-11 04:49:55',350,5,10,2),(762,'2024-11-15 10:21:17',820,5,13,5),(763,'2023-07-15 19:25:56',244,5,5,3),(764,'2024-03-22 23:47:58',331,5,1,1),(765,'2024-10-29 17:59:02',127,5,11,3),(766,'2024-10-27 20:06:07',16,2,14,5),(767,'2024-09-11 09:11:29',20,1,7,2),(768,'2024-11-10 09:10:35',442,4,3,4),(769,'2024-09-14 00:21:44',278,2,12,4),(770,'2023-10-27 23:23:43',820,1,8,3),(771,'2024-02-01 16:35:56',105,1,5,4),(772,'2024-12-02 14:48:52',35,5,6,1),(773,'2023-10-22 02:47:21',182,3,3,3),(774,'2024-07-06 14:16:44',463,4,8,1),(775,'2024-12-08 18:43:06',776,1,12,2),(776,'2023-12-25 18:55:55',533,1,14,3),(777,'2024-03-21 20:41:05',401,1,5,5),(778,'2023-08-09 15:29:15',283,5,5,1),(779,'2024-04-04 18:01:49',598,4,7,1),(780,'2023-08-27 07:51:30',428,5,10,3),(781,'2024-07-02 22:09:10',819,1,7,2),(782,'2024-07-16 08:40:53',690,4,8,1),(783,'2023-08-05 11:37:37',108,4,8,2),(784,'2024-04-25 02:16:16',433,2,13,5),(785,'2024-08-17 00:04:53',335,3,2,4),(786,'2024-03-24 16:08:20',339,4,7,3),(787,'2023-08-09 01:08:58',690,3,1,1),(788,'2024-11-06 22:02:41',182,4,11,4),(789,'2024-05-10 15:16:27',310,5,6,2),(790,'2024-11-23 04:13:25',549,3,1,3),(791,'2024-05-27 04:44:20',24,1,5,1),(792,'2024-01-29 19:02:08',193,5,13,5),(793,'2024-05-27 09:21:22',608,3,10,2),(794,'2023-10-02 02:46:08',13,4,6,4),(795,'2024-04-12 18:53:59',188,3,5,1),(796,'2024-10-28 19:54:11',87,4,1,3),(797,'2024-08-13 08:41:11',237,2,7,3),(798,'2024-12-23 16:12:02',405,2,2,5),(799,'2024-03-09 12:12:30',248,5,10,4),(800,'2024-12-16 19:16:11',557,4,13,3),(801,'2023-10-20 18:35:04',86,4,10,1),(802,'2023-12-20 16:40:42',433,5,7,5),(803,'2024-01-16 00:14:09',328,1,11,3),(804,'2023-12-11 03:23:44',170,4,2,3),(805,'2024-02-20 18:30:28',493,2,8,4),(806,'2024-03-24 11:20:16',779,3,2,2),(807,'2024-05-07 11:19:31',694,3,2,4),(808,'2024-05-01 13:52:56',361,3,8,4),(809,'2024-02-25 20:01:13',440,2,9,4),(810,'2024-06-10 07:19:09',234,4,5,1),(811,'2024-10-06 17:46:10',325,4,6,1),(812,'2024-03-18 13:47:35',349,5,7,1),(813,'2024-03-04 14:44:30',53,1,5,3),(814,'2023-12-07 22:32:22',115,1,4,3),(815,'2024-11-06 09:12:12',816,4,12,5),(816,'2024-09-29 04:03:40',635,5,10,1),(817,'2024-11-11 07:35:33',75,5,9,2),(818,'2024-05-10 01:38:30',431,4,8,5),(819,'2023-11-19 04:15:47',239,3,3,3),(820,'2024-09-09 09:01:01',558,3,9,2),(821,'2023-09-29 21:34:03',3,5,5,4),(822,'2024-09-08 09:05:32',578,5,11,3),(823,'2024-09-01 01:13:20',579,1,10,3),(824,'2024-03-19 22:11:42',454,1,9,2),(825,'2023-11-27 06:41:27',791,1,5,4),(826,'2024-12-03 09:20:20',21,1,10,2),(827,'2023-11-25 07:05:15',134,1,2,1),(828,'2023-09-18 07:22:51',351,4,1,4),(829,'2024-11-11 01:32:18',187,1,6,3),(830,'2024-02-15 03:22:07',108,4,7,2),(831,'2024-07-11 11:02:52',147,4,1,1),(832,'2024-06-13 23:47:33',188,4,6,5),(833,'2023-12-23 06:55:47',667,2,2,4),(834,'2024-04-30 11:16:31',1,5,4,4),(835,'2024-05-27 14:57:58',673,3,2,4),(836,'2024-08-12 10:28:05',625,4,14,5),(837,'2023-07-06 14:21:25',306,2,2,4),(838,'2024-01-02 01:11:39',326,3,2,3),(839,'2024-06-30 08:02:26',220,2,6,3),(840,'2023-12-14 22:39:02',278,1,4,5),(841,'2024-11-29 10:54:44',841,1,14,1),(842,'2024-03-12 05:27:16',330,4,5,4),(843,'2024-07-02 18:12:03',579,1,2,3),(844,'2024-04-21 12:34:41',391,2,8,2),(845,'2024-02-14 17:07:30',214,5,8,1),(846,'2024-07-08 08:15:35',78,4,11,4),(847,'2023-08-21 06:50:29',317,1,14,5),(848,'2024-07-27 23:13:57',535,2,12,3),(849,'2024-11-02 21:47:58',380,2,14,4),(850,'2024-08-06 03:05:30',213,1,10,2);
/*!40000 ALTER TABLE `RESERVAS` ENABLE KEYS */;
UNLOCK TABLES;
/*!50003 SET @saved_cs_client      = @@character_set_client */ ;
/*!50003 SET @saved_cs_results     = @@character_set_results */ ;
/*!50003 SET @saved_col_connection = @@collation_connection */ ;
/*!50003 SET character_set_client  = latin1 */ ;
/*!50003 SET character_set_results = latin1 */ ;
/*!50003 SET collation_connection  = latin1_swedish_ci */ ;
/*!50003 SET @saved_sql_mode       = @@sql_mode */ ;
/*!50003 SET sql_mode              = 'ONLY_FULL_GROUP_BY,STRICT_TRANS_TABLES,NO_ZERO_IN_DATE,NO_ZERO_DATE,ERROR_FOR_DIVISION_BY_ZERO,NO_ENGINE_SUBSTITUTION' */ ;
DELIMITER ;;
/*!50003 CREATE*/ /*!50017 DEFINER=`root`@`localhost`*/ /*!50003 TRIGGER `before_insert_reservas` BEFORE INSERT ON `RESERVAS` FOR EACH ROW BEGIN
    DECLARE disponibilidad BOOLEAN;
    
    SET disponibilidad = DisponibilidadCancha(NEW.IdCancha, NEW.FechaReserva, NEW.IdHorario);
    
    IF disponibilidad = FALSE THEN
        SIGNAL SQLSTATE '45000' SET MESSAGE_TEXT = 'La cancha no esta disponible en esa fecha y hora';
    END IF;
END */;;
DELIMITER ;
/*!50003 SET sql_mode              = @saved_sql_mode */ ;
/*!50003 SET character_set_client  = @saved_cs_client */ ;
/*!50003 SET character_set_results = @saved_cs_results */ ;
/*!50003 SET collation_connection  = @saved_col_connection */ ;
/*!50003 SET @saved_cs_client      = @@character_set_client */ ;
/*!50003 SET @saved_cs_results     = @@character_set_results */ ;
/*!50003 SET @saved_col_connection = @@collation_connection */ ;
/*!50003 SET character_set_client  = latin1 */ ;
/*!50003 SET character_set_results = latin1 */ ;
/*!50003 SET collation_connection  = latin1_swedish_ci */ ;
/*!50003 SET @saved_sql_mode       = @@sql_mode */ ;
/*!50003 SET sql_mode              = 'ONLY_FULL_GROUP_BY,STRICT_TRANS_TABLES,NO_ZERO_IN_DATE,NO_ZERO_DATE,ERROR_FOR_DIVISION_BY_ZERO,NO_ENGINE_SUBSTITUTION' */ ;
DELIMITER ;;
/*!50003 CREATE*/ /*!50017 DEFINER=`root`@`localhost`*/ /*!50003 TRIGGER `before_delete_reservas_24h` BEFORE DELETE ON `RESERVAS` FOR EACH ROW BEGIN
    IF OLD.FechaReserva <= NOW() + INTERVAL 1 DAY THEN
        SIGNAL SQLSTATE '45000'
        SET MESSAGE_TEXT = 'No se pueden eliminar reservas que esten dentro de las proximas 24 horas';
    END IF;
END */;;
DELIMITER ;
/*!50003 SET sql_mode              = @saved_sql_mode */ ;
/*!50003 SET character_set_client  = @saved_cs_client */ ;
/*!50003 SET character_set_results = @saved_cs_results */ ;
/*!50003 SET collation_connection  = @saved_col_connection */ ;

--
-- Table structure for table `RESERVAS_INSUMOS`
--

DROP TABLE IF EXISTS `RESERVAS_INSUMOS`;
/*!40101 SET @saved_cs_client     = @@character_set_client */;
/*!50503 SET character_set_client = utf8mb4 */;
CREATE TABLE `RESERVAS_INSUMOS` (
  `IdReserva` int NOT NULL,
  `IdInsumo` int NOT NULL,
  PRIMARY KEY (`IdReserva`,`IdInsumo`),
  KEY `fk_reservas_insumos_reservas` (`IdReserva`),
  KEY `fk_reservas_insumos_insumos` (`IdInsumo`),
  CONSTRAINT `fk_reservas_insumos_insumos` FOREIGN KEY (`IdInsumo`) REFERENCES `INSUMOS` (`IdInsumo`),
  CONSTRAINT `fk_reservas_insumos_reservas` FOREIGN KEY (`IdReserva`) REFERENCES `RESERVAS` (`IdReserva`)
) ENGINE=InnoDB DEFAULT CHARSET=utf8mb4 COLLATE=utf8mb4_0900_ai_ci COMMENT='Esta tabla guarda la relacion entre reservas y los insumos utilizados';
/*!40101 SET character_set_client = @saved_cs_client */;

--
-- Dumping data for table `RESERVAS_INSUMOS`
--

LOCK TABLES `RESERVAS_INSUMOS` WRITE;
/*!40000 ALTER TABLE `RESERVAS_INSUMOS` DISABLE KEYS */;
INSERT INTO `RESERVAS_INSUMOS` VALUES (28,2),(31,4),(38,4),(53,4),(56,4),(57,1),(65,2),(73,1),(76,3),(80,3),(112,3),(122,3),(123,2),(134,1),(140,1),(226,3),(235,3),(241,2),(276,4),(282,1),(303,3),(316,2),(335,4),(341,2),(363,2),(385,1),(410,1),(436,4),(447,3),(459,3),(538,3),(576,4),(592,4),(625,2),(631,3),(632,3),(633,4),(655,3),(690,3),(694,4),(704,1),(740,2),(749,1),(751,1),(752,3),(753,3),(772,2),(782,1),(832,2),(848,4),(849,3);
/*!40000 ALTER TABLE `RESERVAS_INSUMOS` ENABLE KEYS */;
UNLOCK TABLES;

--
-- Temporary view structure for view `VW_ClientesFrecuentes_Pagos`
--

DROP TABLE IF EXISTS `VW_ClientesFrecuentes_Pagos`;
/*!50001 DROP VIEW IF EXISTS `VW_ClientesFrecuentes_Pagos`*/;
SET @saved_cs_client     = @@character_set_client;
/*!50503 SET character_set_client = utf8mb4 */;
/*!50001 CREATE VIEW `VW_ClientesFrecuentes_Pagos` AS SELECT 
 1 AS `Nombre`,
 1 AS `Apellido`,
 1 AS `Total`*/;
SET character_set_client = @saved_cs_client;

--
-- Temporary view structure for view `VW_PagosDetallados`
--

DROP TABLE IF EXISTS `VW_PagosDetallados`;
/*!50001 DROP VIEW IF EXISTS `VW_PagosDetallados`*/;
SET @saved_cs_client     = @@character_set_client;
/*!50503 SET character_set_client = utf8mb4 */;
/*!50001 CREATE VIEW `VW_PagosDetallados` AS SELECT 
 1 AS `IdPago`,
 1 AS `FechaPago`,
 1 AS `CantidadPago`,
 1 AS `NombreCliente`,
 1 AS `ApellidoCliente`,
 1 AS `FechaReserva`*/;
SET character_set_client = @saved_cs_client;

--
-- Temporary view structure for view `VW_ReservasClientes_Findes`
--

DROP TABLE IF EXISTS `VW_ReservasClientes_Findes`;
/*!50001 DROP VIEW IF EXISTS `VW_ReservasClientes_Findes`*/;
SET @saved_cs_client     = @@character_set_client;
/*!50503 SET character_set_client = utf8mb4 */;
/*!50001 CREATE VIEW `VW_ReservasClientes_Findes` AS SELECT 
 1 AS `IdReserva`,
 1 AS `Fecha`,
 1 AS `Nombre`,
 1 AS `Apellido`,
 1 AS `IdCancha`,
 1 AS `Hora`*/;
SET character_set_client = @saved_cs_client;

--
-- Temporary view structure for view `VW_ReservasHoy`
--

DROP TABLE IF EXISTS `VW_ReservasHoy`;
/*!50001 DROP VIEW IF EXISTS `VW_ReservasHoy`*/;
SET @saved_cs_client     = @@character_set_client;
/*!50503 SET character_set_client = utf8mb4 */;
/*!50001 CREATE VIEW `VW_ReservasHoy` AS SELECT 
 1 AS `Fecha`,
 1 AS `Cominezo`,
 1 AS `Fin`,
 1 AS `Nombre`,
 1 AS `Apellido`,
 1 AS `NombreCancha`*/;
SET character_set_client = @saved_cs_client;

--
-- Final view structure for view `VW_ClientesFrecuentes_Pagos`
--

/*!50001 DROP VIEW IF EXISTS `VW_ClientesFrecuentes_Pagos`*/;
/*!50001 SET @saved_cs_client          = @@character_set_client */;
/*!50001 SET @saved_cs_results         = @@character_set_results */;
/*!50001 SET @saved_col_connection     = @@collation_connection */;
/*!50001 SET character_set_client      = latin1 */;
/*!50001 SET character_set_results     = latin1 */;
/*!50001 SET collation_connection      = latin1_swedish_ci */;
/*!50001 CREATE ALGORITHM=UNDEFINED */
/*!50013 DEFINER=`root`@`localhost` SQL SECURITY DEFINER */
/*!50001 VIEW `VW_ClientesFrecuentes_Pagos` AS select `C`.`NombreCliente` AS `Nombre`,`C`.`ApellidoCliente` AS `Apellido`,`TotalPagos`.`Total` AS `Total` from (`CLIENTES` `C` join (select `P`.`IdCliente` AS `IdCliente`,sum(`P`.`CantidadPago`) AS `Total` from `PAGOS` `P` group by `P`.`IdCliente` having (sum(`P`.`CantidadPago`) > 10000)) `TotalPagos` on((`C`.`IdCliente` = `TotalPagos`.`IdCliente`))) where (`C`.`IdCategoria` = (select `CATEGORIAS`.`IdCategoria` from `CATEGORIAS` where (`CATEGORIAS`.`DescripcionCategoria` = 'Cliente frecuente'))) */;
/*!50001 SET character_set_client      = @saved_cs_client */;
/*!50001 SET character_set_results     = @saved_cs_results */;
/*!50001 SET collation_connection      = @saved_col_connection */;

--
-- Final view structure for view `VW_PagosDetallados`
--

/*!50001 DROP VIEW IF EXISTS `VW_PagosDetallados`*/;
/*!50001 SET @saved_cs_client          = @@character_set_client */;
/*!50001 SET @saved_cs_results         = @@character_set_results */;
/*!50001 SET @saved_col_connection     = @@collation_connection */;
/*!50001 SET character_set_client      = latin1 */;
/*!50001 SET character_set_results     = latin1 */;
/*!50001 SET collation_connection      = latin1_swedish_ci */;
/*!50001 CREATE ALGORITHM=UNDEFINED */
/*!50013 DEFINER=`root`@`localhost` SQL SECURITY DEFINER */
/*!50001 VIEW `VW_PagosDetallados` AS select `P`.`IdPago` AS `IdPago`,`P`.`FechaPago` AS `FechaPago`,`P`.`CantidadPago` AS `CantidadPago`,`C`.`NombreCliente` AS `NombreCliente`,`C`.`ApellidoCliente` AS `ApellidoCliente`,`R`.`FechaReserva` AS `FechaReserva` from ((`PAGOS` `P` join `CLIENTES` `C` on((`P`.`IdCliente` = `C`.`IdCliente`))) join `RESERVAS` `R` on((`C`.`IdCliente` = `R`.`IdCliente`))) order by `P`.`FechaPago` desc */;
/*!50001 SET character_set_client      = @saved_cs_client */;
/*!50001 SET character_set_results     = @saved_cs_results */;
/*!50001 SET collation_connection      = @saved_col_connection */;

--
-- Final view structure for view `VW_ReservasClientes_Findes`
--

/*!50001 DROP VIEW IF EXISTS `VW_ReservasClientes_Findes`*/;
/*!50001 SET @saved_cs_client          = @@character_set_client */;
/*!50001 SET @saved_cs_results         = @@character_set_results */;
/*!50001 SET @saved_col_connection     = @@collation_connection */;
/*!50001 SET character_set_client      = latin1 */;
/*!50001 SET character_set_results     = latin1 */;
/*!50001 SET collation_connection      = latin1_swedish_ci */;
/*!50001 CREATE ALGORITHM=UNDEFINED */
/*!50013 DEFINER=`root`@`localhost` SQL SECURITY DEFINER */
/*!50001 VIEW `VW_ReservasClientes_Findes` AS select `R`.`IdReserva` AS `IdReserva`,`R`.`FechaReserva` AS `Fecha`,`C`.`NombreCliente` AS `Nombre`,`C`.`ApellidoCliente` AS `Apellido`,`R`.`IdCancha` AS `IdCancha`,`R`.`IdHorario` AS `Hora` from (`RESERVAS` `R` join `CLIENTES` `C` on((`R`.`IdCliente` = `C`.`IdCliente`))) where (dayofweek(`R`.`FechaReserva`) in (1,7)) */;
/*!50001 SET character_set_client      = @saved_cs_client */;
/*!50001 SET character_set_results     = @saved_cs_results */;
/*!50001 SET collation_connection      = @saved_col_connection */;

--
-- Final view structure for view `VW_ReservasHoy`
--

/*!50001 DROP VIEW IF EXISTS `VW_ReservasHoy`*/;
/*!50001 SET @saved_cs_client          = @@character_set_client */;
/*!50001 SET @saved_cs_results         = @@character_set_results */;
/*!50001 SET @saved_col_connection     = @@collation_connection */;
/*!50001 SET character_set_client      = latin1 */;
/*!50001 SET character_set_results     = latin1 */;
/*!50001 SET collation_connection      = latin1_swedish_ci */;
/*!50001 CREATE ALGORITHM=UNDEFINED */
/*!50013 DEFINER=`root`@`localhost` SQL SECURITY DEFINER */
/*!50001 VIEW `VW_ReservasHoy` AS select `R`.`FechaReserva` AS `Fecha`,`H`.`HoraInicio` AS `Cominezo`,`H`.`HoraFin` AS `Fin`,`C`.`NombreCliente` AS `Nombre`,`C`.`ApellidoCliente` AS `Apellido`,`CA`.`DescripcionCancha` AS `NombreCancha` from (((`RESERVAS` `R` join `CLIENTES` `C` on((`R`.`IdCliente` = `C`.`IdCliente`))) join `HORARIOS` `H` on((`R`.`IdHorario` = `H`.`IdHorario`))) join `CANCHAS` `CA` on((`R`.`IdCancha` = `CA`.`IdCancha`))) where (cast(`R`.`FechaReserva` as date) = curdate()) order by `H`.`HoraInicio` */;
/*!50001 SET character_set_client      = @saved_cs_client */;
/*!50001 SET character_set_results     = @saved_cs_results */;
/*!50001 SET collation_connection      = @saved_col_connection */;
/*!40103 SET TIME_ZONE=@OLD_TIME_ZONE */;

/*!40101 SET SQL_MODE=@OLD_SQL_MODE */;
/*!40014 SET FOREIGN_KEY_CHECKS=@OLD_FOREIGN_KEY_CHECKS */;
/*!40014 SET UNIQUE_CHECKS=@OLD_UNIQUE_CHECKS */;
/*!40101 SET CHARACTER_SET_CLIENT=@OLD_CHARACTER_SET_CLIENT */;
/*!40101 SET CHARACTER_SET_RESULTS=@OLD_CHARACTER_SET_RESULTS */;
/*!40101 SET COLLATION_CONNECTION=@OLD_COLLATION_CONNECTION */;
/*!40111 SET SQL_NOTES=@OLD_SQL_NOTES */;

-- Dump completed on 2024-08-17 21:49:15
